writing_prompt_id,reblog,submission,original content,structure,subtheme,prompt framing,reference,reader identification
"wp001,no,no,yes,<p></p>,""Fantasy and the Supernatural, Mystery and Intrigue, Surprise and Unexpected Outcomes"",description,""you, Devil, culinary skills, high-stakes cook-off, soul, extraordinary meal"",you"
"wp002,no,no,yes,<p></p>,""Power and Control, Fanasy and the Supernatural, Ambivalence and Indecision, Redemption and Forgiveness, Understanding and Empathy. "",combination,""vampire, vampire's daughters, you, fight, weapon"",you"
"wp003,no,no,yes,<p></p>,""Love and Relationships, Alternate Realities or Parallel Worlds, Loneliness and Connection"",description,""human society, vanishings, herds"",implicit"
"wp004,no,no,yes,<p></p>,""Good vs. Evil, Redemption and Second Chances , Trust and Loyalty, Transformation and Growth, "",description,""supervillain/you, henchman, sidekick of archnemesis, hero"",you"
"wp005,no,no,yes,<p></p>,""Discovery and Exploration, Power of Imagination, Technology and Innovation and Progress, Escaping life, Time and Perception, Time Travel"",description,""you, handheld device, sleep"",you"
"wp006,no,no,yes,<p></p>,""War and Conflict, Alternate Realities or Parallel Worlds"",description,""humans, Sleeping Giant, Galactic Federation, human warships, USS Fuck Around and Find Out, peace talks"",implicit"
"wp007,no,no,yes,<p></p>,""Good vs. Evil, Power and Corruption, Fantasy and the Supernatural, Ethics and Morality"",statement,""wizard, you, party, assassin"",you"
"wp008,no,no,yes,<p></p>,""Discovery and Exploration, Fantasy and the Supernatural"",combination,""you, spelunker, team, light, whisper"",you"
"wp009,no,no,yes,<p></p>,""Good vs. Evil, Fantasy and the Supernatural, Alternate Realities or Parallel Worlds"",description,""everyone, Angels, Devils, you"",you"
"wp010,no,no,yes,<p></p>,""Good vs. Evil, Redemption and Second Chances, Identity and Self-Discovery, Power and Control"",description,""you, secret identity, supervillain, upstart"",you"
"wp011,no,no,yes,<p></p>,""Fantasy and the Supernatural, Mystery and Intrigue,  Surprise and Unexpected Outcomes"",description,""elven children, ceremony, spirit animals, kid, human"",implicit"
"wp012,no,no,yes,<p></p>,""Good vs. Evil, Fantasy and the Supernatural, mystery and Intrigue, Curiosity and Discovery"",conversation,""demon, you"",implicit"
"wp013,no,no,yes,<p></p>,""Fantasy and the Supernatural, Mystery and Intrigue,  Surprise and Unexpected Outcomes"",scenario prompt,""genie, you, poorly-worded wish"",you"
"wp014,no,no,yes,<p></p>,""Loss and Grief, Challenge and Redemption, Power and Control, Trust and Loyalty, Justice and Morality, Transformation and Metamorphosis, Survival and Resilience, Confrontation and Resolution, Betrayal and Forgiveness, Understanding and Empathy"",combination,""you, battlefield, enemy, void"",you"
"wp015,no,no,yes,<p></p>,""Fantasy and the Supernatural, Mystery and Intrigue,  Surprise and Unexpected Outcomes"",scenario prompt,""princess, curse, first husband/you, death, fate, royal family, scapegoat, immortality"",you"
"wp016,no,no,yes,<p></p>,""Love and Relationships, Fantasy and the Supernatural"",scenario prompt,""you/werewolf, SO, ring of pure silver"",you"
"wp017,no,no,yes,<p></p>,Materialism vs. Spirituality,conversation,""man, palace, golden throne"",implicit"
"wp018,no,no,yes,<p></p>,""Power and Control, Fantasy and the Supernatural, Time and Perception, Time Travel"",scenario prompt,""time-traveling megalomaniac, vendetta, you, timeline, omniscience, multiverse"",you"
"wp019,no,no,yes,<p></p>,""Death and Afterlife, Transformation and Healing, Unexpected and Contrasting Elements, Fantasy and the Supernatural, Immortality and Mortality"",description,""death, Charon, Cerberus"",someone"
"wp020,no,no,yes,<p></p>,""Hope and Despair, Power and Control, Technology and Innovatio and Progress, Fear and Courage, Mystery and Intrigue"",combination,""Machine Dreadnaught, Species, Galactic Capital, Humans, The Craft, you, Alexa"",you"
"wp021,no,no,yes,<p></p>,""Power and Control, Sacrifice and Selflessness, Fantasy and the Supernatural, Nature and the Environment, Protection and Security"",description,""bountiful harvest, hive, elder one, honey, protection"",implicit"
"wp022,no,no,yes,<p></p>,""Love and Relationships, Identity and Self-Discovery, Acceptance and Belonging, Authenticity and Expression, Social Norms and Expectations"",scenario prompt,""you/prince, parade of brides, women, gay"",you"
"wp023,no,no,yes,<p></p>,""Time and Perception, Fantasy and the Supernatural, Mystery and Intrigue, Fate and Destiny, Justice and Morality, Time Travel"",scenario prompt,""lottery, secret plot, time travellers, you"",you"
"wp024,no,no,yes,<p></p>,""Power and Control, Mystery and Intrigue, Consequences of Actions, Reality vs. Fantasy, Time and Perception, Trust and Loyalty"",description,""aliens, humans, Galactic Council, threat, disposable thumbs"",implicit"
"wp025,no,no,yes,<p></p>,""Guardianship and Protection, Power and Control, Faith and Trust, Mystery and Intrigue, Harmony and Balance, Authority and Obedience"",conversation,""Guardians, rhino"",implicit"
"wp026,no,no,yes,<p></p>,""Fantasy and the Supernatural, Time and Perception, Mystery and Intrigue, Fate and Destiny, Time Travel, Science"",description,""you/historian, pattern, man with long blonde hair, office, bench outside"",you"
"wp027,no,no,yes,<p></p>,""Fantasy and the Supernatural, Power and Governance"",statement,""strange women, ponds, swords, system of government"",implicit"
"wp028,no,no,yes,<p></p>,""Immortality and Mortality, Revenge and Retribution, Legacy and Remembrance, Consequences of Actions"",description,""family, you/immortal, generations, hunting"",you"
"wp029,no,no,yes,<p></p>,""Fantasy and the Supernatural, Power and Progression"",scenario prompt,""vampire, you, stone age vampire"",you"
wp030,yes,no,no,<p></p>,NA,NA,NA,NA
"wp031,no,no,yes,<p></p>,""Immortality and Mortality, Consequences of Actions, Betrayal and Forgiveness, Identity and Self-Discovery, Redemption and Second Chances, Family and Kinship, Love and Relationships, Loss and Grief"",description,""strange flash of light, horrible creatures of Australia, climate"",implicit"
"wp032,no,no,yes,<p></p>,""Power and Control, Fear and Courage, Mystery and Intrigue, Communication, Power of Imagination, Humor and Satire"",combination,""you, boss, euphemisms for hits, assignment"",you"
"wp033,no,no,yes,<p></p>,""Alternate Realities or Parallel Worlds, Survival and Resilience"",description,""astronomers, giant asteroid, Earth, world, panic, looters, lonely hill, child, baseball bat"",implicit"
"wp034,no,no,yes,<p></p>,""Fantasy and the Supernatural, Transformation and Metamorphosis"",scenario prompt,""young wizards, swans, humans, you, goose"",you"
wp035,yes,no,no,<p></p>,NA,NA,NA,NA
"wp036,no,no,yes,<p></p>,""Power and Control, Power of Imagination, Balance and Harmony, Freedom and Oppression"",description,""aliens, conquerors of the Milky Way, Milky Way species"",implicit"
"wp037,no,no,yes,<p></p>,""Identity and Self-Discovery, Power and Control, Revenge and Retribution, Friendship and Companionship, Trust and Loyalty, Conformity and Individuality, Courage and Bravery, Survival and Resilience, Family and Kinship, Mystery and Intrigue"",description,""galaxy, humanity, aliens, fleet, friends"",we"
"wp038,no,no,yes,<p></p>,""Fantasy and the Supernatural, Identity and Self-Discovery, Discovery and Exploration, Reality vs. Fantasy, Humor and Satire, Unexpected and Contrasting Elements"",description,""main character, fantasy isekai world, new life, label/Made in China"",implicit"
"wp039,no,no,yes,<p></p>,""Confrontation and Resolution, Power and Control, Truth and Deception, Mystery and Intrigue, Reality vs. Fantasy, Trust and Betrayal, Unexpected and Contrasting Elements"",combination,""you, tenant, unit, people, lease"",you"
"wp040,no,no,yes,<p></p>,""Power and Control, Independence and Autonomy, Challenge and Redemption, Authority and Obedience, Expectations and Disasspointment, Power Dynamics, Perseverance and Determination"",description,""king, princess, task"",implicit"
"wp041,no,no,yes,<p></p>,""Power and Control, Challenge and Redemption, Identity and Self-Discovery, Good vs. Evil"",scenario prompt,""you, idle stockpile, punch"",you"
"wp042,no,no,yes,<p></p>,""Good vs. Evil, Power and Control, Nature and the Environment, Challenge and Redemption, Loss and Grief"",description,""major fast food chains, eldritch gods, souls, gluttonous mortals, king of the burger, red haired clown, coffee mermaid, s'ub'ay, healthier diets, hunger"",implicit"
"wp043,no,no,yes,<p></p>,""Fantasy and the Supernatural, Loneliness and Connection, Immortality and Mortality, Death and Afterlife, Fate and Destiny, Mystery and Intrigue, Loss and Grief"",scenario prompt,""young girl, random person, phone book, dead, letter"",implicit"
wp044,yes,no,no,<p></p>,NA,NA,NA,NA
"wp045,no,no,yes,<p></p>,""Nature and the Environment, Hope and Despair, Discovery and Exploration, Friendship and Companionship, Reality vs. Fantasy, Humor and Satire, Humanity and Empathy, Surprise and Unexpected Outcomes, Expectations and Disappointment"",conversation,""human, you, homeworld's most dangerous predator"",you"
"wp046,no,no,yes,<p></p>,""Fantasy and the Supernatural, Good vs. Evil, Identity and Self-Discovery, Reality vs. Fantasy, Power of Imagination, Alternate Realities or Parallel Worlds, Curiosity and Discovery, "",description,""everyone, superpower, activation requirements, superheroes, villains"",implicit"
"wp047,no,no,yes,<p></p>,""Otherness and Acceptance, Identity and Self-Discovery, Fear and Prejudice, Fantasy and the Supernatural, Individuality and Empowerment"",description,""you, human, school of demons, demons, school advisor"",you"
"wp048,no,no,yes,<p></p>,""Good vs. Evil, Identity and Self-Discovery, Power and Corruption, Courage and Bravery, Freedom and Oppression, Alternate Realities or Parallel Worlds, Fantasy and the Supernatural, Mystery and Intrigue, Power of Hope, Surprise and Unexpected Outcomes"",description,""fights, Superheroes, Supervillains, regular people, regular man"",implicit"
"wp049,no,no,yes,<p></p>,""Good vs. Evil, Hope and Despair, Fear and Courage, Humor and Satire, Mystery and Intrigue"",combination,""you, villain, arch-nemesis, hero, wife"",you"
"wp050,no,no,yes,<p></p>,""Fear and Courage, Reality vs. Fantasy, Trust and Protection, Mystery and Intrigue, Family and Kinship, Communication"",description,""you, daughter, mobster, bed"",you"
"wp051,no,no,yes,<p></p>,""Coming of Age, Self-Care"",statement,""teenagers, sleep, you, online magazine, editor, message, article, website"",you"
wp052,no,no,yes,<p></p>,NA,NA,NA,NA
"wp053,no,no,yes,<p></p>,""Power of Imagination, Generosity and Kindness, Connection and Relationships, Personalization and Individuality, Dreams and Aspiration"",statement,""you, dream, someone"",you"
"wp054,no,no,yes,<p></p>,""Power of Imagination, Reality vs. Fantasy"",conceptual prompt,""you, imagination, transcend reality"",you"
"wp055,no,no,yes,<p></p>,""Relationships and Connection, Identity and Self-Discovery"",conceptual prompt,""you, iceberg, people, others, friends"",you"
"wp056,no,no,yes,<p></p>,""Science, Curiosity and Discovery"",scenario prompt,""nothing, me, scientist"",you"
"wp057,no,no,yes,<p></p>,""Good vs. Evil, Secrets and Hidden Truths, Technology and Innovation, Power of Imagination"",description,""you, secret lair"",you"
"wp058,no,no,yes,<p></p>,Self-Care,conceptual prompt,""rubric, you, day, points, worth"",you"
"wp059,no,no,yes,<p></p>,""Power of Imagination, Alternate Realities or Parallel Worlds"",scenario prompt,""future, wild mustard, humans"",implicit"
"wp060,no,no,yes,<p>writing prompt #XXX</p><p></p>,""Transformation and Growth, Love and Relationships, Ethics and Morality, Redemption and Second Chances, Identity and Self-Discovery, Power and Control, Social Norms and Expectations, Discovery and Exploration, Hope and Despair, Sacrifice and Selflessness"",combination,""human, planet, trade lives, you"",you"
"wp061,no,no,yes,<p>writing prompt #XXX</p><p></p>,""Fantasy and the Supernatural, Ambivalence and Indecision, Identity and Self-Discovery, Power of Imagination, Consumerism and Materialism"",combination,""you, automatically refilling bowl, possibilities"",you"
"wp062,no,no,yes,<p>writing prompt #XXX</p><p></p>,""Good vs. Evil, Identity and Self-Discovery, Reality vs. Fantasy, Power of Imagination"",combination,""heroes, spectrum, perfect hero, average person, you"",you"
"wp063,no,no,yes,<p>writing prompt #XXX</p><p></p>,""Power of Imagination, Fantasy and the Supernatural, Personalization and Individuality, Escaping Life"",combination,""zoo animal, as a puppy-sized pet, you, daily life"",you"
"wp064,no,no,yes,<p>writing prompt #XXX</p><p></p>,""Power of Imagination, Personalization and Individuality, Escaping Life"",combination,""you, guide, vacation, fictional setting"",you"
"wp065,no,no,yes,<p>#XXX</p><p></p>,Social Influence and Cultural Phenomena,combination,""you, one month, fashion trend, viral"",you"
"wp066,no,no,yes,<p>writing prompt #XXX</p><p></p>,""Good vs. Evil, Reality vs. Fantasy, Power of Imagination, Fantasy and the Supernatural, Humor and Satire, Routine and Rituals"",statement,""song, super villain, shower, morning"",implicit"
"wp067,no,no,yes,<p>writing prompt #XXX</p><p></p>,Identity and Self-Discovery,combination,""you, opinion, world, perspective, character"",you"
"wp068,no,no,yes,<p>writing prompt #XXX</p><p></p>,""Humanity and Empathy, Identity and Self-Discovery"",conceptual prompt,""you, longterm good of humanity, shared language, enough food, impact, perspective"",you"
"wp069,no,no,yes,<p>writing prompt #XXX</p><p></p>,""Identiy and Self-Discovery, Personalization and Individuality, Individuality and Empowerment"",word list prompt,""memorable quotes, life, you"",you"
"wp070,no,no,yes,<p>writing prompt #XXX</p><p></p>,Science,word list prompt,""science, metaphor, you"",you"
"wp071,no,no,yes,<p>writing prompt #XXX</p><p></p>,""Communication, Current Events/Social Issues"",statement,""you, prepared statement, situation"",you"
"wp072,no,no,yes,<p>writing prompt #XXX</p><p></p>,""Science, Mental Health, Identity and Self-Discovery, Personalization and Individuality"",conceptual prompt,""you, investment, space travel, mental health"",you"
"wp073,no,no,yes,<p>writing prompt #XXX</p><p></p>,""Power of Imagination, Humor or Satire"",statement,""story, I, fridge related disasters, life"",implicit"
"wp074,no,no,yes,<p>writing prompt #XXX</p><p></p>,Identity and Self-Discovery,statement,""you, relate, value, proud"",you"
"wp075,no,no,yes,<p>writing prompt #XXX</p><p></p>,""Good vs. Evil, Identity and Self-Discovery, Nature and the Environment, Power, Power of Imagination"",statement,""you, control panel, humans, four sliders, six options"",you"
"wp076,no,no,yes,<p>writing prompt #XXX</p><p></p>,""Good vs. Evil, Redemption and Second Chances, Power and Corruption, Justice and Morality, Freedom and Oppression, Trust and Loyalty, Consequences of Actions, Healing, Understanding and Empathy"",statement,""you, hate, desire, world betterment"",you"
"wp077,no,no,yes,<p>writing prompt #XXX</p><p></p>,""Good vs. Evil, Identity and Self-Discovery"",statement,""you, evil things, evil people, examples"",you"
"wp078,no,no,yes,<p>writing prompt #XXX</p><p></p>,""Nature and the Environment, Identity and Self-Discovery, Discovery and Exploration, Power of Imagination, Curiosity and Discovery, Relief and Freedom"",statement,""epic field trip, you"",you"
"wp079,no,no,yes,<p>writing prompt #XXX</p><p></p>,""Love and Relationships, Nature and the Environment, Identity and Self-Discovery, Hope and Despair, Family and Kinship, Discovery and Exploration, Friendship and Companionship, Humanity and Empathy, Meaning of Life, Beauty and Aesthetics, Compassion and Support"",statement,""you, appreciation, list"",you"
"wp080,no,no,yes,<p>writing prompt #XXX</p><p></p>,""Identity and Self-Discovery, Discovery and Exploration, Curiosity and Discovery, Good vs. Evil"",combination,""you, percentages, past, present, future"",you"
"wp081,no,no,yes,<p>writing prompt #XXX</p><p></p>,""Truth and Deception, Authenticity and Identity"",conceptual prompt,""digital life, fake, you, generation"",you"
"wp082,no,no,yes,<p>writing prompt #XXX</p><p></p>,""Identity and Self-Discovery, Power and Control, Transformation and Growth, Emotional Turmoil and Vulnerability, Self-Care"",statement,""emotions, you, house, guest emotions"",you"
"wp083,no,no,yes,<p>writing prompt #XXX</p><p></p>,""Identity and Self-Discovery, Personalization and Individuality, Beauty and Aesthetics"",statement,""you, hair, love"",you"
"wp084,no,no,yes,<p>writing prompt #XXX</p><p></p>,""Identity and Authenticity, Identity and Self-Discovery"",statement,""you, credible impression, model citizen"",you"
"wp085,no,no,yes,<p>writing prompt #XXX</p><p></p>,""Power of Imagination, Identity and Self-Discovery"",statement,""First Week of School Bingo card, you, ideas"",you"
"wp086,no,no,yes,<p>writing prompt #XXX</p><p></p>,""Dreams and Aspirations, Identity and Self-Discovery"",statement,""Transporter Troubles, you, one crucial element to not forget, I"",you"
"wp087,no,no,yes,<p>writing prompt #XXX</p><p></p>,""Individuality and Empowerment, Personalization and Individuality, Identity and Self-Discovery"",conceptual prompt,""you, everyone, unique"",you"
"wp088,no,no,yes,<p>writing prompt #XXX</p><p></p>,""Communication, Science, Discovery and Exploration"",statement,""you, prepared statement, situation"",you"
"wp089,no,no,yes,<p>writing prompt #XXX</p><p></p>,Personal Growth and Intellectual Development,conceptual prompt,""you, gaps, education"",you"
"wp090,no,no,yes,<p>writing prompt #XXX</p><p></p>,""Generation Gap and Technological Divide, Parental Concern and Protection, Communication, Online Safety and Security, Privacy and Digital Footprint"",statement,""our, parents, online lives, you"",you"
"wp091,no,no,yes,<p>writing prompt #XXX</p><p></p>,Truth and Deception,statement,""you, fake news, respond, perspective"",you"
"wp092,no,no,yes,<p>writing prompt #XXX</p><p></p>,""Power of Imagination, Fantasy and the Supernatural, Reality vs. Fantasy, Personalization and Individuality, Responsiblity and Consequences"",statement,""guide, caring, invisible pet, you, the kind"",you"
"wp093,no,no,yes,<p>writing prompt #XXX</p><p></p>,""Science, Loneliness and Connection, Identity and Self-Discovery, Discovery and Exploration, Power of Imagination"",combination,""main character, orphanage, baby, ancestry, results, government officials"",implicit"
"wp094,no,no,yes,<p>writing prompt #XXX</p><p></p>,""Science, Power of Imagination, Loneliness and Connection"",conceptual prompt,""life expectancy, hermit, you, humans"",you"
"wp095,no,no,yes,<p>writing prompt #XXX</p><p></p>,Fantasy and the Supernatural,description,""wizard trash, dangerous, profitable, dumpster diving, you, few friends"",you"
"wp096,no,no,yes,<p>writing prompt #XXX</p><p></p>,Fantasy and the Supernatural,description,""you, bedroom, three portals to anywhere, one catch"",you"
"wp097,no,no,yes,<p>#XXX </p><p></p>,Fantasy and the Supernatural,combination,""frying pan, kitchen came to life, you, furious at eating habits"",you"
"wp098,no,no,yes,<p>#XXX </p><p></p>,Alternate Realities or Parallel Words,combination,""time frame, everything gone wrong, you"",you"
"wp099,no,no,yes,<p>#XXX </p><p></p>,Discovery and Exploration,combination,""you, new gadgets, new social forms"",you"
"wp100,no,no,yes,<p>#XXX </p><p></p>,""Power of Imagination, Fantasy and the Supernatural, Mystery and Intrigue"",combination,""Oxford English Dictionary, cryptid, definition, Wikipedia, island, you, plan"",you"
"wp101,no,no,yes,<p></p>,""Love and Relationships, Family and Kinship, Friendship and Companionship, Curiosity and Discovery"",statement,perfect gift,implicit"
"wp102,no,no,yes,<p></p>,""Identity and Self-Discovery, Imperfection and Acceptance"",statement,latecomer,implicit"
wp103,no,no,yes,<p></p>,Mortality and Transcendence,statement,near-death experience,implicit
wp104,no,no,yes,<p></p>,Alternate Realities or Parallel Worlds,statement,parallel universe,implicit
wp105,no,no,yes,<p></p>,Mystery and Intrigue,statement,hidden in grass,implicit
"wp106,no,no,yes,<p></p>,Surprise and Unexpected Outcomes,statement,""simple task, impossible task"",implicit"
"wp107,no,no,yes,<p></p>,""Nature and the Environment, Freedom and Oppression, Survival and Resilience"",statement,""escape, woods"",implicit"
"wp108,no,no,yes,<p></p>,""Good vs. Evil, Technology and Innovatio and Progress, Ethics and Morality, Science"",statement,shrink ray,implicit"
wp109,no,no,yes,<p></p>,Social Influence and Cultural Phenomena,statement,new viral trend,implicit
"wp110,no,no,yes,<p></p>,""Struggle and Resilience, Ambivalence and Indecision, Humanity and Empathy"",statement,unpleasant ride,implicit"
wp111,no,no,yes,<p></p>,Survival and Resilience,statement,Sisyphean task liberator,implicit
"wp112,no,no,yes,<p></p>,Surprise and Unexpected Outcomes,statement,""unforeseen conclusion, set in stone situation"",implicit"
"wp113,no,no,yes,<p></p>,""Identity and Self-Discovery, Discovery and Exploration"",statement,roadtrip,implicit"
"wp114,no,no,yes,<p></p>,""Identity and Self-Discovery, Discovery and Exploration"",statement,""cross-country move, out-of-country move"",implicit"
wp115,no,no,yes,<p></p>,Survival and Resilience,statement,fight for survival,implicit
"wp116,no,no,yes,<p></p>,""Power of Imagination, Fantasy and the Supernatural"",statement,alien experiments,implicit"
"wp117,no,no,yes,<p></p>,""Good vs. Evil, Power of Imagination, Fantasy and the Supernatural"",statement,witch,implicit"
"wp118,no,no,yes,<p></p>,""Surprise and Unexpected Outcomes, Consequences of Actions"",statement,disastrous typo,implicit"
"wp119,no,no,yes,<p></p>,""Fantasy and the Supernatural, Loneliness and Connection"",statement,eternal sleeper,implicit"
"wp120,no,no,yes,<p></p>,""Fantasy and the Supernatural, Loneliness and Connection"",statement,sentient dirty dishes,implicit"
"wp121,no,no,yes,<p></p>,""Identity and Self-Discovery, Alternate Realities or Parallel Worlds, Transformation and Metamorphosis"",statement,""multiple versions, same character"",implicit"
"wp122,no,no,yes,<p></p>,""Nature and the Environment, Survival and Reslience, Ethics and Morality"",statement,invasive species,implicit"
"wp123,no,no,yes,<p></p>,""Challenge and Redemption, Identity and Self-Discovery, Struggle and Resilience, Transformation and Metapmorphosis, Transformation and Growth, Surprise and Unexpected Outcomes"",statement,nightmare vacation,implicit"
wp124,no,no,yes,<p></p>,War and Conflict,statement,non-violent war,implicit
"wp125,no,no,yes,<p></p>,""Power of Imagination, Fantasy and the Supernatural, Alternate Realities or Parallel Worlds"",statement,explosive growth,implicit"
"wp126,no,no,yes,<p></p>,""Love and Relationships, Family and Kinship, Friendship and Companionship"",statement,relationship disintegration,implicit"
"wp127,no,no,yes,<p></p>,""Identity and Self-Discovery, Conformity and Individuality"",statement,""someone, expert, useless skill"",implicit"
"wp128,no,no,yes,<p></p>,""Power of Imagination, Fantasy and the Supernatural, Mystery and Intrigue,  Surprise and Unexpected Outcomes"",statement,""someone, determination, cryptid, urban myth"",implicit"
"wp129,no,no,yes,<p></p>,""Good vs. Evil, Power and Corruption, Justice and Morality, Consequences of Action"",statement,""someone, malicious compliance"",implicit"
"wp130,no,no,yes,<p></p>,""Challenge and Redemption, Nature and the Environment, Sacrifice and Selflessness, Hope and Despair, Fear and Courage, Transformation and Metamorphosis, Transformation and Growth"",statement,""characters, stranding, snowstorm"",implicit"
wp131,no,no,yes,<p></p>,Humor or Satire,statement,Tom Swifty,implicit
"wp132,no,no,yes,<p></p>,""Loss and Grief, Challenge and Redemption, Nature and the Environment, Identity and Self-Discovery, Courage and Bravery, Trust and Loyalty, Friendship and Companionship, Survival and Resilience, Conformity and Individuality"",statement,cancelled plans,implicit"
"wp133,no,no,yes,<p></p>,""Nature and the Environment, Sacrifice and Selflessness, Discovery and Exploration, Loneliness and Connection, Survival and Resilience, Technology and Innovatio and Progress, "",statement,deep space voyage,implicit"
wp134,no,no,yes,<p></p>,Truth and Deception,statement,unfounded theory,implicit
"wp135,no,no,yes,<p></p>,""Identity and Self-Discovery, Fate and Destiny"",statement,missed chance,implicit"
"wp136,no,no,yes,<p></p>,Transformation and Growth,statement,""minor character, major role"",implicit"
"wp137,no,no,yes,""poll(question, answer options, see results)<p></p>"",NA,NA,NA,NA"
"wp138,no,no,yes,<p></p>,""Challenge and Redemption, Power and Corruption, Discovery and Exploration, Curiosity and Discovery"",statement,pure bliss,implicit"
"wp139,no,no,yes,<p></p>,""Challenge and Redemption, Trust and Loyalty, Conformity and Individuality"",statement,""living dungeon, traps adventurers"",implicit"
"wp140,no,no,yes,<p></p>,""Challenge and Redemption, Trust and Loyalty, Conformity and Individuality"",statement,""someone, defiant"",implicit"
"wp141,no,no,yes,<p></p>,""Challenge and Redemption, Transformation and Metamorphosis, Identity and Self-Discovery"",statement,""someone, fails assignment, misjudging"",implicit"
"wp142,no,no,yes,<p></p>,""Power and Corruption, Transformation and Growth"",statement,""wizard, new spellbook"",implicit"
"wp143,no,no,yes,<p></p>,""Challenge and Redemption, Struggle and Resilience, Transformation and Metamorposis, Meaning of Life"",statement,""someone, stuck, time loop"",implicit"
wp144,no,no,yes,<p></p>,NA,NA,NA,NA
"wp145,no,no,yes,<p></p>,""Struggle and Resilience, Perseverance and Determination, Identity and Self-Discovery"",statement,""breaking, streak"",implicit"
"wp146,no,no,yes,<p></p>,""Love and Relationships, Loss and Grief, Humanity and Empathy, Power of Hope, Healing"",statement,broken heart,implicit"
"wp147,no,no,yes,<p></p>,""Mental Illness, Self-care, Healing"",statement,breakdown,implicit"
"wp148,no,no,yes,<p></p>,""Fear and Courage, Survival and Resilience, Humanity and Unity, Power of Hope, Ethics and Morality"",statement,outbreak,implicit"
"wp149,no,no,yes,<p></p>,""Self-Care, Routine and Rituals"",statement,breakfast,implicit"
"wp150,no,no,yes,<p></p>,""Struggle and Resilience, Fate and Destiny, Transformation and Growth"",statement,lucky break,implicit"
"wp151,no,no,yes,""poll(question, answer options, see results)<p></p>"",NA,NA,NA,NA"
"wp152,no,yes,no,""submission(question, answer(<p></p><ol><li></li></ol><p></p>))"",""Love and Relationships, Identity and Self-Discovery, Trust and Loyalty, Challenge and Redemption, Sacrifice and Selflessness, Friendship and Companionship"",submission,rockstar alternative universe (AU),implicit"
"wp153,no,yes,no,""submission(question(<p></p>), answer(<p></p>))"",NA,NA,NA,NA"
"wp154,no,no,yes,<p><h1>Prompt #XXX</h1></p>,""Identity and Self-Discovery, Fear and Courage"",conversation,""I, face demons, demons"",implicit"
"wp155,no,no,yes,<p><h1>Prompt #XXX</h1></p>,""Love and Relationships, Conflict and Communication, Emotional Turmoil and Vulnerability, Independende and Autonomy, Power Dynamics"",conversation,""I, love, you, safe, problem"",implicit"
"wp156,no,no,yes,self-reblog of unspecified writing_prompt_id - <h1> title</h1><p></p><ul><li></li></ul>,""Love and Relationships, Truth and Deception"",collection,fake dating,implicit"
wp157,no,no,yes,<h1>title</h1><p></p><ul><li></li></ul>,Love and Relationships,collection,date,implicit
"wp158,no,yes,no,""submission(question(<p></p>), answer(<h1>title</h1><p></p>))"",NA,submission,""dual timelines, you"",you"
"wp159,no,yes,no,""submission(question (<p></p>), answer(<p></p>))"",NA,NA,NA,NA"
"wp160,no,yes,no,""submission(question (<p></p>), answer(<p></p>))"",NA,submission,""character, powers, accidents, natural disasters"",implicit"
wp161,no,no,yes,<p></p>,NA,NA,NA,NA
"wp162,no,no,yes,<p><h1>Prompt #XXX</h1></p><p></p>,""Fear and Courage, Survival and Resilience, Humanity and Unity, Power of Hope, Ethics and Morality"",description,""monsters, she, bed, skeleton, closet"",implicit"
"wp163,no,no,yes,<p><h1>Prompt #XXX</h1></p><p></p>,""Power and Burden, Identity and Authenticity, Physical Discomfort and Sacrificie, Relief and Freedom"",description,""crown, she, head ache, rooms"",implicit"
wp164,no,no,yes,<p></p>,NA,NA,NA,NA
wp165,no,no,yes,<p><h1>title</h1></p><p></p>,NA,NA,NA,NA
"wp166,no,no,yes,<h1>title</h1><ul><li></li></ul><p></p>,Love and Relationships,collection,""bad romances, unrequited, break-up"",implicit"
wp167,no,no,yes,<h1>title</h1><p><ol><li></li></ol></p>,Alternate Realities or Parallel Worlds,collection,10 AU combos,implicit
"wp168,yes,no,no,<h1>title</h1><p></p>,""Love and Relationships, Communication"",conversation,""you, I, misunderstanding"",you"
wp169,no,no,yes,<h1>title</h1><h1>subtitle</h1><p></p>,NA,NA,NA,NA
wp170,no,no,yes,self-reblog of wp171,NA,NA,NA,NA
wp171,no,no,yes,<h1>title</h1><h1>subtitle</h1><p></p>,NA,NA,NA,NA
wp172,no,no,yes,self-reblog of wp174,NA,NA,NA,NA
"wp173,no,no,yes,<p><h1>Prompt #XXX</h1><p></p></p>,""Trust and Loyalty, Truth and Deception"",conversation,""saddest part, moment, I, believed, you"",implicit"
"wp174,no,no,yes,""<h1>title</h1><p>subtitle</p>poll (question, answer options)<p></p>"",NA,NA,NA,NA"
"wp175,no,no,yes,<p><h1>Prompt #XXX</h1><p></p></p>,Revenge and Retribution,conversation,""life, lemons, juice, enemies'eyes"",implicit"
"wp176,no,yes,no,""submission(question(<p></p>), answer(<p></p><ul><li></li></ul><p></p>))"",""Love and Relationships,Trust and Betrayal, Authenticity and Expression, Communication"",submission,""misunderstandings prompts, characters"",implicit"
"wp177,no,yes,no,""submission(question (<p></p>), answer(<p></p><ul><li></li></ul><p></p>))"",NA,NA,NA,NA"
"wp178,no,no,yes,""<h1>title</h1>poll(question, answer options)<p></p>"",NA,NA,NA,NA"
wp179,no,no,yes,<p></p>,NA,NA,NA,NA
"wp180,no,no,yes,<h1>title</h1><ol><li></li></ol><p></p>,""Love and Relationships, Friendship and Companionship, Redemption and Second Chances, Challenge and Redemption, Identity and Self-Discovery, Trust and Loyalty, Truth and Decription, Courage and Bravery, Betrayal and Forgiveness"",description,""blind date prompts, characters"",implicit"
"wp181,no,yes,no,""submission(question(<p></p>), answer(<p></p>))"",NA,NA,NA,NA"
"wp182,yes,yes,no,""submission(question(<p></p>), answer(<p></p>))"",NA,NA,NA,NA"
"wp183,no,no,yes,""<h1>title</h1>poll(question, answer options)<p></p>"",NA,NA,NA,NA"
"wp184,no,no,yes,""<h1>title</h1>poll(question, answer options)<p></p>"",NA,NA,NA,NA"
"wp185,no,no,yes,<h1>title</h1><p><i>subtitle</1><ul><li></li></ul>,""Love and Relationships, Coming of Age, Risk and Danger, Challenges and Rewards, Authenticity and Expression"",collection,""first kisses, characters"",implicit"
"wp186,no,no,yes,""<h1>title</h1>poll(question, answer options)<p></p>"",NA,NA,NA,NA"
wp187,no,no,yes,<p><h1>title</h1><p></p></p>,NA,NA,NA,NA
"wp188,no,no,yes,""<h1>title</h1>poll(question, answer options)<p></p>"",NA,NA,NA,NA"
"wp189,no,no,yes,self-reblog of unspecified writing_prompt_id - <h1>title</h1><p></p><ol><li></li></ol>,""Natura and the Environment, Beauty and Aesthetics"",word list prompt,""march, doodling, writiing"",implicit"
wp190,no,no,yes,<h1>title</h1><p></p>,NA,NA,NA,NA
"wp191,no,no,yes,<p><h1>prompt #XXX</h1></p><p></p>,""Love and Relationships, Power and Control, Trust and Loyality, Justice and Morality"",conversation,""you, I, adoration"",implicit"
"wp192,no,no,yes,""<h1>title</h1>poll(question, answer options)<p></p>"",NA,NA,NA,NA"
"wp193,no,yes,no,""submission(question(<p></p>),answer(<h1>title</h1><p><ul><li></li></ul></p>))"",""Love and Relationships, Trust and Loyalty, Humanity and Empathy"",submission,blind faith,implicit"
"wp194,no,yes,no,""submission(question(<p></p>), answer(<h2>title</h2><p><ul><li></li></ul></p>))"",""Love and Relationships, Loneliness and Connection, Humanity and Empathy"",submission,sickness dialogue,implicit"
"wp195,no,no,yes,""<h1>title</h1>poll(question, answer options)<p></p>"",NA,NA,NA,NA"
"wp196,yes,no,no,self-reblog of unspecified writing_prompt_id - <h1>title</h1><ol><li></li></ol><p></p>,""Love and Relationships, Loneliness and Connection, Humanity and Empathy"",collection,smutty one-liners,implicit"
wp197,yes,no,no,self-reblog of unspecified writing_prompt_id - <p></p>,NA,NA,NA,NA
"wp198,yes,no,no,""self-reblog of wp200 - <h1>title</h1>poll(question, answer options)<p></p><p></p>"",NA,NA,NA,NA"
"wp199,no,no,yes,<h1>title<h1><p></p><ol><li></li></ol>,""Love and Relationships, Sacrifice and Selflessness, Loneliness and Connection, Acceptance and Beloning, Humanity and Empathy, "",collection,hurt/comfort dialogue,implicit"
"wp200,no,no,yes,""<h1>title</h1> poll(question, answer options)<p></p><p>"",NA,NA,NA,NA"
"wp201,no,no,yes,<p><h1>Writing Prompt #XXX</h1></p><p></p>,""Coming of Age, Reality vs. Fantasy, Mystery and Intrigue, Humor and Satire"",conversation,""you, mystery, detective, Scooby Doo, real people"",implicit"
"wp202,yes,no,no,self-reblog of wp203,Struggle and Resilience,conversation,""you, they, I"",implicit"
"wp203,no,no,yes,<p><h1>Writing Prompt #XXX</h1></p><p></p>,Struggle and Resilience,conversation,""you, they, I"",implicit"
"wp204,yes,no,no,self-reblog of wp205,""Sacrifice and Selflessness, Struggle and Resilience, Mortality and Transcendence"",conversation,""you, I, everyone"",implicit"
"wp205,no,no,yes,<p><h1>Writing Prompt #XXX</h1></p><p></p>,""Sacrifice and Selflessness, Struggle and Resilience, Mortality and Transcendence"",conversation,""you, I, everyone"",implicit"
"wp206,yes,no,no,self-reblog of wp207,""Love and Relationships, Loss and Grief, Power of Hope"",conversation,""she, he, death"",implicit"
"wp207,no,no,yes,<p><h1>Writing Prompt #XXX</h1></p><p></p>,""Love and Relationships, Loss and Grief, Power of Hope"",conversation,""she, he, death"",implicit"
"wp208,yes,no,no,self-reblog of wp209,""Love and Relationships, Loss and Grief, Family and Kinship, Innocence and Experience, Humanity and Empathy"",description,""princess, princess's father, death"",implicit"
"wp209,no,no,yes,<p><h1>Writing Prompt #XXX</h1></p><p></p>,""Love and Relationships, Loss and Grief, Family and Kinship, Innocence and Experience, Humanity and Empathy"",description,""princess, princess's father, death"",implicit"
"wp210,yes,no,no,self-reblog of wp211,Love and Relationships,statement,""he, she, protection"",implicit"
"wp211,no,no,yes,<h1>Writing Prompt #XXX</h1><p></p>,Love and Relationships,statement,""he, she, protection"",implicit"
"wp212,yes,no,no,self-reblog of wp213,""Good vs. Evil, Mystery and Intrigue"",sentence starter,""I, shadow"",implicit"
"wp213,no,no,yes,<h1>Writing Prompt #XXX</h1><p></p>,""Good vs. Evil, Mystery and Intrigue"",sentence starter,""I, shadow"",implicit"
"wp214,yes,no,no,self-reblog of wp215,""Alternate Realities or Parallel Worlds, Fantasy and the Supernatural, Humor and Satire, Surprise and Unexpected Outcomes"",description,""he, land, home, nap"",implicit"
"wp215,no,no,yes,<h1>Writing Prompt #XXX</h1><p></p>,""Alternate Realities or Parallel Worlds, Fantasy and the Supernatural, Humor and Satire, Surprise and Unexpected Outcomes"",description,""he, land, home, nap"",implicit"
"wp216,yes,no,no,self-reblog of wp217,""Identity and Self-Discovery, Wisdom and Foolishness, Imperfection and Acceptance"",conversation,""I, you, skill set"",implicit"
"wp217,no,no,yes,<p><h1>Writing Prompt #XXX</h1></p><p></p>,""Identity and Self-Discovery, Wisdom and Foolishness, Imperfection and Acceptance"",conversation,""I, you, skill set"",implicit"
"wp218,yes,no,no,self-reblog of wp219,""Hope and Despair, Power of Hope"",conversation,""you, hope, I, time"",implicit"
"wp219,no,no,yes,<p><h1>Writing Prompt #XXX</h1></p><p></p>,""Hope and Despair, Power of Hope"",conversation,""you, hope, I, time"",implicit"
"wp220,yes,no,no,self-reblog of wp221,""Good vs. Evil, Identity and Self-Discovery, Power and Corruption, Trust and Loyalty, Justice and Morality"",conversation,""you, knight, kingdom"",implicit"
"wp221,no,no,yes,<p><h1 Writing Prompt #XXX</h1></p><p></p>,""Good vs. Evil, Identity and Self-Discovery, Power and Corruption, Trust and Loyalty, Justice and Morality"",conversation,""you, knight, kingdom"",implicit"
"wp222,yes,no,no,self-reblog of wp223,""Loss and Grief, Transformation and Growth"",description,""she, extreme feelings, placid waters"",implicit"
"wp223,no,no,yes,<h1>Writing Prompt #XXX</h1><p></p>,""Loss and Grief, Transformation and Growth"",description,""she, extreme feelings, placid waters"",implicit"
"wp224,yes,no,no,self-reblog of wp225,Friendship and Companionship,description,""I, best friends"",implicit"
"wp225,no,no,yes,<p><h1>Writing Prompt #XXX</h1></p><p></p>,Friendship and Companionship,description,""I, best friends"",implicit"
"wp226,yes,no,no,self-reblog of wp227,""Coming of Age, Good vs. Evil, Wisdom and Foolishness, Conformity and Individuality, Survival and Resilience, Nostalgia and Memory"",combination,""old man, child"",implicit"
"wp227,no,no,yes,<p><h1>Writing Prompt #XXX</h1></p><p></p>,""Coming of Age, Good vs. Evil, Wisdom and Foolishness, Conformity and Individuality, Survival and Resilience, Nostalgia and Memory"",combination,""old man, child"",implicit"
"wp228,yes,no,no,self-reblog of wp229,Confrontation and Resolution,conversation,""you, me"",implicit"
"wp229,no,no,yes,<p><h1>Writing Prompt #XXX</h1></p><p></p>,Confrontation and Resolution,conversation,""you, me"",implicit"
"wp230,no,no,yes,<h1>Writing Prompt #XXX</h1><p></p>,""Transformation and Metamorphosis, Transformation and Growth"",statement,""me, unbridled rage"",implicit"
"wp231,yes,no,no,self-reblog of wp232,""Beauty and Aesthetics, Identity and Self-Discovery"",conversation,""you, beautiful, I"",implicit"
"wp232,no,no,yes,<p><h1>Writing Prompt #XXX</h1></p><p></p>,""Beauty and Aesthetics, Identity and Self-Discovery"",conversation,""you, beautiful, I"",implicit"
"wp233,yes,no,no,self-reblog of wp234,""Good vs. Evil, Ethics and Morality"",conversation,""I, kill, us, them, cult, destroy world, protect"",implicit"
"wp234,no,no,yes,<p><h1>Writing Prompt #XXX</h1></p><p></p>,""Good vs. Evil, Ethics and Morality"",conversation,""I, kill, us, them, cult, destroy world, protect"",implicit"
"wp235,yes,no,no,self-reblog of wp236,""Good vs. Evil, Challenge and Redemption, Courage and Bravery, Sacrifice and Selflessness"",conversation,""villain, hero"",implicit"
"wp236,no,no,yes,<p><h1>Writing Prompt #XXX</h1></p><p></p>,""Good vs. Evil, Challenge and Redemption, Courage and Bravery, Sacrifice and Selflessness"",conversation,""villain, hero"",implicit"
"wp237,yes,no,no,self-reblog of wp238,Mystery and Intrigue,description,""Ash, city, gossamer shroud, silence"",implicit"
"wp238,no,no,yes,<h1>Writing Prompt #XXX</h1><p></p>,Mystery and Intrigue,description,""Ash, city, gossamer shroud, silence"",implicit"
"wp239,yes,no,no,self-reblog of wp240,""Good vs. Evil, Challenge and Redemption, Courage and Bravery, Sacrifice and Selflessness"",conversation,""I, end of line, curve, villain"",implicit"
"wp240,no,no,yes,<p><h1>Writing Prompt #XXX</h1></p><p></p>,""Good vs. Evil, Challenge and Redemption, Courage and Bravery, Sacrifice and Selflessness"",conversation,""I, end of line, curve, villain"",implicit"
"wp241,yes,no,no,self-reblog of wp242,""Hope and Despair, Surprise and Unexpected Outcomes"",conversation,""exceeding expectations, I, die"",implicit"
"wp242,no,no,yes,<p><h1>Writing Prompt #XXX</h1></p><p></p>,""Hope and Despair, Surprise and Unexpected Outcomes"",conversation,""exceeding expectations, I, die"",implicit"
"wp243,yes,no,no,self-reblog of wp244,""Confrontation and Resolution, Betrayal and Forgiveness"",conversation,""you, apologize, I"",implicit"
"wp244,no,no,yes,<p><h1>Writing Prompt #XXX</h1></p><p></p>,""Confrontation and Resolution, Betrayal and Forgiveness"",conversation,""you, apologize, I"",implicit"
"wp245,yes,no,no,self-reblog of wp246,""Good vs. Evil, Challenge and Redemption, Courage and Bravery, Sacrifice and Selflessness"",conversation,""you, hero routine, sacrifice"",implicit"
"wp246,no,no,yes,<p><h1>Writing Prompt #XXX</h1></p><p></p>,""Good vs. Evil, Challenge and Redemption, Courage and Bravery, Sacrifice and Selflessness"",conversation,""you, hero routine, sacrifice"",implicit"
"wp247,yes,no,no,self-reblog of wp248,Love and Relationships,conversation,""you, me, love"",implicit"
"wp248,no,no,yes,<p><h1>Writing Prompt #XXX</h1></p><p></p>,Love and Relationships,conversation,""you, me, love"",implicit"
"wp249,yes,no,no,self-reblog of wp250,""Identity and Self-Discovery, Conformity and Individuality, Acceptance and Belonging, Adaptation and Change, Imperfection and Acceptance"",description,""undead, I, modern era"",implicit"
"wp250,no,no,yes,<h1>Writing Prompt #XXX</h1><p></p>,""Identity and Self-Discovery, Conformity and Individuality, Acceptance and Belonging, Adaptation and Change, Imperfection and Acceptance"",description,""undead, I, modern era"",implicit"
