hashtag;count;category
'writing';26;Writing, Writing Prompts and Ideas
'writing prompt';22;Writing, Writing Prompts and Ideas
'writeblr';22;Writing Community
'writing prompts';21;Writing, Writing Prompts and Ideas
'writing ideas';16;Writing, Writing Prompts and Ideas
'creative writing';14;Writing, Writing Prompts and Ideas
'daily prompt';12;Writing, Writing Prompts and Ideas
'writing inspiration';13;Writing Inspiration
'writers on tumblr';13;Writing Community
'daily prompt';12;Writing, Writing Prompts and Ideas
'creativepromptsforwriting';11;Self-Reference
'promptsforthestrugglingauthor';10;Self-Reference
'story ideas';10;Writing, Writing Prompts and Ideas
'story inspo';10;Writing Inspiration
'daily writing prompt';10;Writing, Writing Prompts and Ideas
'story prompt';10;Writing, Writing Prompts and Ideas
'creative writing prompt';10;Writing, Writing Prompts and Ideas
'original prompt';10;Writing, Writing Prompts and Ideas
'prompt list';10;Writing, Writing Prompts and Ideas
'creative writing ideas';10;Writing, Writing Prompts and Ideas
'creative writing inspo';9;Writing Inspiration
'oc prompt';8;Writing, Writing Prompts and Ideas
'writers of tumblr';5;Writing Community
'short prompt';5;Writing, Writing Prompts and Ideas
'imagine your ocs';5;Writing, Writing Prompts and Ideas
'writing inspo';5;Writing Inspiration
‘writing’;5;Writing, Writing Prompts and Ideas
'anon ask';4;Interactive and Engaging
'writing community';4;Writing Community
'ask';3;Interactive and Engaging
'education';3;Miscellaneous
'masterpost';3;Organization
'writing help';3;Writing Inspiration
'imagine your oc';3;Writing, Writing Prompts and Ideas
'dialogue prompt';3;Writing, Writing Prompts and Ideas
'topical prompt';3;Writing, Writing Prompts and Ideas
'hero prompt';2;Specific Genres and Themes
'villain prompt';2;Specific Genres and Themes
'villain au';2;Specific Genres and Themes
'creativepromptsforwritingask';2;Self-Reference
'prompt lists';2;Writing, Writing Prompts and Ideas
'prompts';2;Writing, Writing Prompts and Ideas
'anon ask';2;Self-Reference
'writing tips';2;Writing Inspiration
'writing advice';2;Writing Inspiration
'alternate universe';1;Specific Genres and Themes
‘write’;1;Writing, Writing Prompts and Ideas
'writings';1;Writing, Writing Prompts and Ideas
'writing exercise';1;Writing Inspiration
'vampire prompt';1;Specific Genres and Themes
'undead prompt';1;Specific Genres and Themes
'vampire au';1;Specific Genres and Themes
'prompt 957';1;Organization
'prompt 958';1;Organization
'johngreen';1;Writing, Writing Prompts and Ideas
'misunderstandings';1;Specific Genres and Themes
'sleep';1;Specific Genres and Themes
'prompt 953';1;Organization
'au ideas';1;Specific Genres and Themes
'au combos';1;Specific Genres and Themes
'rockstar au';1;Specific Genres and Themes
'band au';1;Specific Genres and Themes
'band prompts';1;Specific Genres and Themes
'musician prompts';1;Specific Genres and Themes
'rockstar prompts';1;Specific Genres and Themes
'writers';1;Writing Community
'bad romance';1;Specific Genres and Themes
'break-up prompts';1;Specific Genres and Themes
'unrequited love prompts';1;Specific Genres and Themes
'prompt 955';1;Organization
'prompt 956';1;Organization
'how to write dual timelines';1;Writing Inspiration
'how to write';1;Writing Inspiration
'blind date prompts';1;Specific Genres and Themes
'date prompts';1;Specific Genres and Themes
'prompt 954';1;Organization
'fever';1;Specific Genres and Themes
'creative prompts';1;Writing, Writing Prompts and Ideas
'fiction';1;Writing, Writing Prompts and Ideas
'monthly prompt list';1;Writing, Writing Prompts and Ideas
'monthly prompts';1;Writing, Writing Prompts and Ideas
'march prompts';1;Miscellaneous
'smutty dialogue';1;Specific Genres and Themes
'smut';1;Specific Genres and Themes
'creative writing';1;Writing, Writing Prompts and Ideas
'fluffy';1;Specific Genres and Themes
'soft prompts';1;Specific Genres and Themes
'soft kisses';1;Specific Genres and Themes
'first kiss prompts';1;Specific Genres and Themes
‘first kisses';1;Specific Genres and Themes
'blind dates';1;Specific Genres and Themes
'blind date prompts';1;Specific Genres and Themes
'polyam relationships';1;Specific Genres and Themes
'polyamourous';1;Specific Genres and Themes
'ifttt';1;Interactive and Engaging
'instagram';1;Interactive and Engaging
'spring prompts';1;Miscellaneous
'doodling';1;Miscellaneous
'doodle prompts';1;Miscellaneous
'hurt comfort';1;Specific Genres and Themes
'hero au';1;Specific Genres and Themes
'setting prompt';1;Writing, Writing Prompts and Ideas
'prompt 952';1;Organization
'hurt comfort dialogue prompts';1;Specific Genres and Themes
'prompt 951';1;Organization
'sick fic';1;Specific Genres and Themes
'sickness prompts';1;Specific Genres and Themes
'one word prompt list';1;Writing, Writing Prompts and Ideas
'one word prompts';1;Writing, Writing Prompts and Ideas
'blind faith prompts';1;Specific Genres and Themes
'undead au';1;Specific Genres and Themes
