,hashtag,count,category
0,#writing prompts,131,"Writing, Writing Prompts and Ideas"
1,#writing prompt,117,"Writing, Writing Prompts and Ideas"
2,#writing,104,"Writing, Writing Prompts and Ideas"
3,#writeblr,57,Writing Community
4,#prompts,55,"Writing, Writing Prompts and Ideas"
5,#writing inspiration,40,Writing Inspiration
6,#prompt,35,"Writing, Writing Prompts and Ideas"
7,#writers on tumblr,32,Writing Community
8,#prompt list,30,"Writing, Writing Prompts and Ideas"
9,#dialogue prompt,29,"Writing, Writing Prompts and Ideas"
10,#writing ideas,29,"Writing, Writing Prompts and Ideas"
11,#creativepromptsforwriting,25,Self-Reference
12,#creative writing,23,"Writing, Writing Prompts and Ideas"
13,#daily writing prompt,23,"Writing, Writing Prompts and Ideas"
14,#story prompt,22,"Writing, Writing Prompts and Ideas"
15,#reblog,21,Interactive and Engaging
16,#promptsforthestrugglingauthor,20,Self-Reference
17,#oc prompt,19,"Writing, Writing Prompts and Ideas"
18,#story ideas,18,"Writing, Writing Prompts and Ideas"
19,#creative writing prompt,18,"Writing, Writing Prompts and Ideas"
20,#story inspo,16,Writing Inspiration
21,#creative writing ideas,16,"Writing, Writing Prompts and Ideas"
22,#I,16,Miscellaneous
23,#writers,15,Writing Community
24,#twitter,13,Interactive and Engaging
25,#creative writing inspo,13,Writing Inspiration
26,#daily prompt,13,"Writing, Writing Prompts and Ideas"
27,#original prompt,12,"Writing, Writing Prompts and Ideas"
28,#imagine your ocs,12,"Writing, Writing Prompts and Ideas"
29,#dialogue prompts,9,"Writing, Writing Prompts and Ideas"
30,#i,9,Miscellaneous
31,#writing community,9,Writing Community
32,#inspo,9,Writing Inspiration
33,#dialogue,8,"Writing, Writing Prompts and Ideas"
34,#writblr,8,Writing Community
35,#writing tips,7,Writing Inspiration
36,#story prompts,7,"Writing, Writing Prompts and Ideas"
37,#blind date prompts,7,Specific Genres and Themes
38,#short prompt,7,"Writing, Writing Prompts and Ideas"
39,#writing inspo,7,Writing Inspiration
40,#writers of tumblr,7,Writing Community
41,#oc,6,"Writing, Writing Prompts and Ideas"
42,#inspiration,6,Writing Inspiration
43,#they,6,Miscellaneous
44,#my writing,6,Writing Community
45,#anon ask,6,Interactive and Engaging
46,#oh,5,Miscellaneous
47,#queue,5,Interactive and Engaging
48,#for later,5,For Later
49,#rockstar au,5,Specific Genres and Themes
50,#march prompts,5,Miscellaneous
51,#creativepromptsforwritingask,5,Self-Reference
52,#rockstar prompts,4,Specific Genres and Themes
53,#break,4,Miscellaneous
54,#unrequited love prompts,4,Specific Genres and Themes
55,#musician prompts,4,Specific Genres and Themes
56,#masterpost,4,Organization
57,#band prompts,4,Specific Genres and Themes
58,#band au,4,Specific Genres and Themes
59,#blind faith prompts,4,Specific Genres and Themes
60,#one word prompts,4,"Writing, Writing Prompts and Ideas"
61,#writing advice,4,Writing Inspiration
62,#fantasy,4,Specific Genres and Themes
63,#writing help,4,Writing Inspiration
64,#randomstoryprompts,4,"Writing, Writing Prompts and Ideas"
65,#hero x villain,4,Specific Genres and Themes
66,#fake dating,4,Specific Genres and Themes
67,#reblogs,4,Interactive and Engaging
68,#first kiss prompts,4,Specific Genres and Themes
69,#sickness prompts,4,Specific Genres and Themes
70,#that,4,Miscellaneous
71,#it,4,Miscellaneous
72,#prompt lists,4,"Writing, Writing Prompts and Ideas"
73,#saving for later,4,For Later
74,#writing stuff,4,Writing Inspiration
75,#cats,4,Miscellaneous
76,#prompts i might use in the future,4,For Later
77,#ch,4,Miscellaneous
78,#save,4,For Later
79,#Prompts,3,"Writing, Writing Prompts and Ideas"
80,#blind dates,3,Specific Genres and Themes
81,#writing prompt s,3,Self-Reference
82,#ss,3,Miscellaneous
83,#au ideas,3,Specific Genres and Themes
84,#saving for the future,3,For Later
85,#ooc,3,"Writing, Writing Prompts and Ideas"
86,#ask,3,Interactive and Engaging
87,#imagine your oc,3,"Writing, Writing Prompts and Ideas"
88,#hurt comfort dialogue prompts,3,Specific Genres and Themes
89,#don,3,Miscellaneous
90,#first kisses,3,Specific Genres and Themes
91,#q,3,Miscellaneous
92,#fever,3,Specific Genres and Themes
93,#smut,3,Specific Genres and Themes
94,#fanfic prompt,3,Specific Genres and Themes
95,#lol,3,Miscellaneous
96,#nsfw,3,Specific Genres and Themes
97,#ideas,3,"Writing, Writing Prompts and Ideas"
98,#smut prompts,3,Specific Genres and Themes
99,#vampire au,3,Specific Genres and Themes
100,#oooooh,3,Miscellaneous
101,#monthly prompt list,3,"Writing, Writing Prompts and Ideas"
102,#Instagram,2,Interactive and Engaging
103,#romance,2,Specific Genres and Themes
104,#caye writes,2,Self-Reference
105,#monthly prompts,2,"Writing, Writing Prompts and Ideas"
106,#spring prompts,2,Miscellaneous
107,#betrayal,2,Specific Genres and Themes
108,#prompt 958,2,Organization
109,#mod mint,2,Organization
110,#au,2,Specific Genres and Themes
111,#fluffy,2,Specific Genres and Themes
112,#soft prompts,2,Specific Genres and Themes
113,#lmao,2,Miscellaneous
114,#prompt 952,2,Organization
115,#writingcommunity,2,Writing Community
116,#villain,2,Specific Genres and Themes
117,#relatable,2,Miscellaneous
118,#obey me,2,Specific Genres and Themes
119,#ref,2,For Later
120,#fluff,2,Specific Genres and Themes
121,#tropes,2,Specific Genres and Themes
122,#prompt 953,2,Organization
123,#one word prompt list,2,"Writing, Writing Prompts and Ideas"
124,#short story,2,"Writing, Writing Prompts and Ideas"
125,#fic prompts,2,Specific Genres and Themes
126,#illimaia,2,Miscellaneous
127,#ȼ,2,Miscellaneous
128,#otp prompts,2,Specific Genres and Themes
129,#dating,2,Specific Genres and Themes
130,#reblogging to find later,2,For Later
131,#saved for later,2,For Later
132,#non fandom specific stuff,2,Specific Genres and Themes
133,#definitely write later,2,For Later
134,#heroes,2,Specific Genres and Themes
135,#villain au,2,Specific Genres and Themes
136,#villain prompt,2,Specific Genres and Themes
137,#hero prompt,2,Specific Genres and Themes
138,#villains,2,Specific Genres and Themes
139,#save for later,2,For Later
140,#fanfiction,2,Specific Genres and Themes
141,#she,2,Miscellaneous
142,#dating prompts,2,Specific Genres and Themes
143,#hmmm,2,Miscellaneous
144,#on writing,2,For Later
145,#jojos bizarre adventure,2,Specific Genres and Themes
146,#sick fic,2,Specific Genres and Themes
147,#writing prompt fill,2,"Writing, Writing Prompts and Ideas"
148,#topical prompt,2,"Writing, Writing Prompts and Ideas"
149,#kuroji shitodo,2,Specific Genres and Themes
150,#tsubakura enraku,2,Specific Genres and Themes
151,#fic ideas,2,"Writing, Writing Prompts and Ideas"
152,#3 and 9,2,Miscellaneous
153,#ouro,2,Specific Genres and Themes
154,#date,2,Specific Genres and Themes
155,#characters,2,"Writing, Writing Prompts and Ideas"
156,#education,2,Miscellaneous
157,#Prompt,2,"Writing, Writing Prompts and Ideas"
158,#bad romance,2,Specific Genres and Themes
159,#ik,2,Miscellaneous
160,#memes,2,Miscellaneous
161,#just rebloging,2,Interactive and Engaging
162,#This is the second one today one today,2,Miscellaneous
163,#It,2,Miscellaneous
164,#fic inspo,2,Writing Inspiration
165,#misunderstanding prompts,2,Specific Genres and Themes
166,#rb,2,For Later
167,#undead au,2,Specific Genres and Themes
168,#undead prompt,2,Specific Genres and Themes
169,#vampire prompt,2,Specific Genres and Themes
170,#and,2,Miscellaneous
171,#hurt,2,Specific Genres and Themes
172,#and also,2,Miscellaneous
173,#for writing,2,For Later
174,#misunderstandings,2,Miscellaneous
175,#plots,2,"Writing, Writing Prompts and Ideas"
176,#i may write this,2,For Later
177,#adagumo no saragimaru,2,Specific Genres and Themes
178,#o,2,Miscellaneous
179,#fantasy prompt,2,Specific Genres and Themes
180,#fantasy inspo,2,Writing Inspiration
181,#hurt comfort,2,Specific Genres and Themes
182,#we,2,Miscellaneous
183,#orbits of fancy,2,For Later
184,#my fiction,2,"Writing, Writing Prompts and Ideas"
185,#not mine,2,Miscellaneous
186,#oooooooh,2,Miscellaneous
187,#text,2,Miscellaneous
188,#IFTTT,2,Interactive and Engaging
189,#viil vibes,2,Miscellaneous
190,#soft kisses,2,Specific Genres and Themes
191,#angst,2,Specific Genres and Themes
192,#harrymort,2,Miscellaneous
193,#write later,2,For Later
194,#touch later,2,For Later
195,#angst prompts,2,Specific Genres and Themes
196,#how to write,2,Writing Inspiration
197,#how to write dual timelines,2,Writing Inspiration
198,#no matter who said that,2,Miscellaneous
199,#ehhhhhh,1,Miscellaneous
200,#slay ig,1,Miscellaneous
201,#psychological thriller,1,Specific Genres and Themes
202,#i like writing,1,Miscellaneous
203,#sometimes,1,Miscellaneous
204,#when im not procrastinating on projects,1,Miscellaneous
205,#i dont really like this,1,Miscellaneous
206,#homestuck,1,Miscellaneous
207,#I took me 7 hours to write this,1,Miscellaneous
208,#thriller,1,Specific Genres and Themes
209,#procrastinate,1,Miscellaneous
210,#teehee,1,Miscellaneous
211,#read this in country bumpkin accent,1,Miscellaneous
212,#i am not a profegional i just wanted,1,Miscellaneous
213,#hope u like it,1,Miscellaneous
214,#warrior of light,1,Miscellaneous
215,#if u dont,1,Miscellaneous
216,#oh well,1,Miscellaneous
217,#if only,1,Miscellaneous
218,#meridacore,1,Miscellaneous
219,#because,1,Miscellaneous
220,#pfffft,1,Miscellaneous
221,#maybe,1,Miscellaneous
222,#writersofig,1,Writing Community
223,#science fiction,1,Specific Genres and Themes
224,#sci fi,1,Specific Genres and Themes
225,#annabelle,1,Miscellaneous
226,#willow,1,Miscellaneous
227,#i might bring annabelle back for more scientist,1,Miscellaneous
228,#posts by fitz,1,Miscellaneous
229,#writerblr,1,Writing Community
230,#instability,1,Miscellaneous
231,#short story a day,1,"Writing, Writing Prompts and Ideas"
232,#everyone in the notes is saying cats and,1,Miscellaneous
233,#writerscommunity,1,Miscellaneous
234,#Eurdyn,1,Miscellaneous
235,#español,1,Miscellaneous
236,#lets pretend i know how to write on,1,Miscellaneous
237,#dwarf,1,Specific Genres and Themes
238,#elf,1,Specific Genres and Themes
239,#unstable gift,1,Miscellaneous
240,#Truman Show 2,1,Miscellaneous
241,#ooh the,1,Miscellaneous
242,#i love the concept,1,Miscellaneous
243,#PRETEND,1,Miscellaneous
244,#in a world where an idiot pulls a,1,Miscellaneous
245,#insp,1,Writing Inspiration
246,#merida but with the queen,1,Miscellaneous
247,#i like this prompt but i cannot imagine,1,Miscellaneous
248,#help,1,Writing Inspiration
249,#oh my god look at these,1,Miscellaneous
250,#is this lord of the rings,1,Miscellaneous
251,#Trueee,1,Miscellaneous
252,#work in progress,1,Writing Inspiration
253,#writing challenge,1,Writing Inspiration
254,#genius,1,Miscellaneous
255,#specimen 11,1,Miscellaneous
256,#these are perfect,1,Miscellaneous
257,#spooky,1,Miscellaneous
258,#4 and 5 are calling to me,1,Miscellaneous
259,#for future writing,1,For Later
260,#everything comes back to teslen,1,Miscellaneous
261,#ahfsjfsjfsjfs,1,Miscellaneous
262,#stuff for later,1,For Later
263,#my autobiography,1,"Writing, Writing Prompts and Ideas"
264,#breakup,1,Specific Genres and Themes
265,#me when I write my mothers autobiography,1,"Writing, Writing Prompts and Ideas"
266,#fantastic beasts,1,Miscellaneous
267,#fantastic beats and where to find them,1,Miscellaneous
268,#late night thoughts,1,Miscellaneous
269,#mindblowing,1,Miscellaneous
270,#open heart platinum crossover potential,1,Miscellaneous
271,#writing resources,1,Writing Inspiration
272,#finish dunga,1,Miscellaneous
273,#great idea,1,"Writing, Writing Prompts and Ideas"
274,#OOOOOO,1,Miscellaneous
275,#merida,1,Miscellaneous
276,#brave,1,Miscellaneous
277,#brave but it keeps happening over and over,1,Miscellaneous
278,#hopeful,1,Miscellaneous
279,#this would be so fun,1,Miscellaneous
280,#good for her,1,Miscellaneous
281,#sparks of hope,1,Writing Inspiration
282,#saving this for inspo,1,Writing Inspiration
283,#books and reading,1,Miscellaneous
284,#EARTHBOUND,1,Miscellaneous
285,#quicksave,1,Miscellaneous
286,#In school rn so can,1,Miscellaneous
287,#Barbatos and Mammon,1,Miscellaneous
288,#om inspo,1,Writing Inspiration
289,#ocs,1,"Writing, Writing Prompts and Ideas"
290,#list of prompts,1,"Writing, Writing Prompts and Ideas"
291,#When he,1,Miscellaneous
292,#holding the c stick,1,Miscellaneous
293,#After his college years and all,1,Miscellaneous
294,#Might use this for a Dirk thing,1,For Later
295,#i love all these and wanna write teslen,1,Miscellaneous
296,#all my brain can think about is David,1,Miscellaneous
297,#This is unreal,1,Miscellaneous
298,#because they won,1,Miscellaneous
299,#lmk what yall think i was bored in,1,Miscellaneous
300,#thats just christians,1,Miscellaneous
301,#ha,1,Miscellaneous
302,#ex jehovah,1,Miscellaneous
303,#ex cult,1,Miscellaneous
304,#ex jw,1,Miscellaneous
305,#exjw,1,Miscellaneous
306,#this is just real life wdym,1,Miscellaneous
307,#this isn,1,Miscellaneous
308,#ik lots of people who have bad reactions,1,Miscellaneous
309,#i sense a fic idea,1,Miscellaneous
310,#you can literally just say ur allergic to,1,Miscellaneous
311,#I think of samuel with this,1,Miscellaneous
312,#something tells me something horrible is about to,1,Miscellaneous
313,#words only,1,Miscellaneous
314,#sue the genie for infinite wishes,1,Miscellaneous
315,#FFXIV Dark Knight,1,Miscellaneous
316,#wip idea,1,"Writing, Writing Prompts and Ideas"
317,#omg i have a characters that,1,For Later
318,#wait a minute,1,Miscellaneous
319,#there,1,Miscellaneous
320,#something amazing,1,Miscellaneous
321,#not by dying tho,1,Miscellaneous
322,#i wanna be greeted by cerberus the best,1,Miscellaneous
323,#untitled steampunk story,1,Miscellaneous
324,#YouTube,1,Interactive and Engaging
325,#meme,1,Miscellaneous
326,#ive seen this one before,1,Miscellaneous
327,#thanks kirkbride,1,Miscellaneous
328,#i think thats enough tumblr for today,1,Miscellaneous
329,#anyway,1,Miscellaneous
330,#but i was looking through the notes and,1,Miscellaneous
331,#thats cool,1,Miscellaneous
332,#also lupine,1,Miscellaneous
333,#that one y,1,Miscellaneous
334,#tomarrymort,1,Miscellaneous
335,#tomarry,1,Miscellaneous
336,#rose lalonde,1,Miscellaneous
337,#this has a very easy solution guys,1,Miscellaneous
338,#OH AWHHHHHH,1,Miscellaneous
339,#for the answer this just gave me,1,Miscellaneous
340,#very noice,1,Miscellaneous
341,#future reference,1,For Later
342,#we dont have disposable thumbs,1,Miscellaneous
343,#goodbye thumbs ig,1,Miscellaneous
344,#welp,1,Miscellaneous
345,#edward and alphonse elric,1,Miscellaneous
346,#is this a spelling mistake,1,Miscellaneous
347,#because i was looking,1,Miscellaneous
348,#lesbian,1,Miscellaneous
349,#my story has been dead in the water,1,Writing Inspiration
350,#but also my siblings,1,Miscellaneous
351,#THIS HAS POTENTIAL FOR GUTWRENCHING MATERIAL,1,Writing Inspiration
352,#Castlevania,1,Miscellaneous
353,#though he has white hair not blonde,1,Miscellaneous
354,#john bryant,1,Miscellaneous
355,#lucifer can fuck right off,1,Miscellaneous
356,#get qued idot,1,Miscellaneous
357,#imagine being that lucky lmao,1,Miscellaneous
358,#ru reblogs,1,Miscellaneous
359,#oh wow this sounds fkn cool rn,1,Miscellaneous
360,#honestyandcommunication2023,1,Miscellaneous
361,#modernity,1,Miscellaneous
362,#totalhonesty,1,Miscellaneous
363,#prompt response,1,"Writing, Writing Prompts and Ideas"
364,#jaine astarte,1,Miscellaneous
365,#swau,1,Miscellaneous
366,#quote,1,Miscellaneous
367,#three times the cuddles,1,Miscellaneous
368,#three times the love,1,Miscellaneous
369,#three heads,1,Miscellaneous
370,#cerberus best boi,1,Miscellaneous
371,#OH MY GOD YES,1,Miscellaneous
372,#especially making the plot yessss,1,Miscellaneous
373,#would be fun,1,Miscellaneous
374,#might write something with this in it,1,Writing Inspiration
375,#i want to pet,1,Miscellaneous
376,#PROMISE,1,Miscellaneous
377,#long post,1,"Writing, Writing Prompts and Ideas"
378,#murder hobo wife,1,Miscellaneous
379,#don or something,1,Miscellaneous
380,#BAHAHHAHAHAHHA,1,Miscellaneous
381,#random story prompts,1,"Writing, Writing Prompts and Ideas"
382,#time to sit back and watch the world,1,Miscellaneous
383,#this is why,1,Miscellaneous
384,#no,1,Miscellaneous
385,#i want to attack people who show up,1,Miscellaneous
386,#cryptids,1,Specific Genres and Themes
387,#feminism,1,Miscellaneous
388,#writingprompt,1,"Writing, Writing Prompts and Ideas"
389,#Fucking end me,1,Miscellaneous
390,#but also,1,Miscellaneous
391,#Awesome,1,Miscellaneous
392,#ithoughtThisWasAJokePostAtFirstLol,1,Miscellaneous
393,#educators,1,Miscellaneous
394,#flash fiction,1,Specific Genres and Themes
395,#eyyyy im lurkin here,1,Miscellaneous
396,#Fuck schools,1,Miscellaneous
397,#fuck parents who put this much pressure on,1,Miscellaneous
398,#fuck my hallucinations and my insomnia and that,1,Miscellaneous
399,#is there any way that i am not,1,Miscellaneous
400,#i am cold and blue and floating,1,Miscellaneous
401,#you only see the stories i want you,1,Miscellaneous
402,#iceberg,1,Miscellaneous
403,#i am an iceberg,1,Miscellaneous
404,#What am I even doing,1,Miscellaneous
405,#Castle,1,Miscellaneous
406,#Writing,1,"Writing, Writing Prompts and Ideas"
407,#Instagram IFTTT,1,Interactive and Engaging
408,#geese just have less shame,1,Miscellaneous
409,#honestly swans are more dickish than geese,1,Miscellaneous
410,#sleep,1,Miscellaneous
411,#mawarsmusings,1,Miscellaneous
412,#fuck the fact that children slowly dying in,1,Miscellaneous
413,#fuck the fact that this isn,1,Miscellaneous
414,#feminist,1,Miscellaneous
415,#she looks like a distant relative of the,1,Miscellaneous
416,#Im currently writing a book where the ending,1,Miscellaneous
417,#the best rich is the kind you don,1,Miscellaneous
418,#Infinitebowl writing fiction writingprompts McHitmen,1,Miscellaneous
419,#zabyvchivyy,1,Self-Reference
420,#zabyvchivyy prompts,1,Self-Reference
421,#whats it like,1,Miscellaneous
422,#i wanna know,1,Miscellaneous
423,#ive never used it before so,1,Miscellaneous
424,#viagra,1,Miscellaneous
425,#rich,1,Miscellaneous
426,#i wish i could write like donna tartt,1,Miscellaneous
427,#step in line,1,Miscellaneous
428,#i am queued,1,Miscellaneous
429,#showing love,1,Miscellaneous
430,#humans,1,Miscellaneous
431,#swan queen,1,Miscellaneous
432,#this has SQ hurt,1,Miscellaneous
433,#this is what i need to rip my,1,Miscellaneous
434,#this is a REALLY good way to think,1,Miscellaneous
435,#I find this fascinating bc plenty of villains,1,Miscellaneous
436,#I for one don,1,Miscellaneous
437,#but those who do can be utilized SUPER,1,Miscellaneous
438,#indian,1,Miscellaneous
439,#writer,1,Writing Community
440,#I love this writing prompt a lot,1,Miscellaneous
441,#in front of their heater,1,Miscellaneous
442,#in order to curl up,1,Miscellaneous
443,#and have made a nest out of it,1,Miscellaneous
444,#off the top of their hidey,1,Miscellaneous
445,#currently they have dragged the fleece,1,Miscellaneous
446,#when I put the vitamin c drops in,1,Miscellaneous
447,#I mean they ARE vicious predators,1,Miscellaneous
448,#and also babyfood spiked with extra vitamin c,1,Miscellaneous
449,#they eat lettuce and hay and pellets,1,Miscellaneous
450,#they ruUUMmmbbBle,1,Miscellaneous
451,#they squeal,1,Miscellaneous
452,#they poop,1,Miscellaneous
453,#Humans,1,Miscellaneous
454,#help i read,1,Miscellaneous
455,#but they,1,Miscellaneous
456,#ooooo,1,Miscellaneous
457,#oh snap,1,Miscellaneous
458,#rubbing my goblin hands over this trope,1,Miscellaneous
459,#prompt the witch,1,Miscellaneous
460,#dates,1,Specific Genres and Themes
461,#basils little words,1,Miscellaneous
462,#i have 1 month to finish this,1,Miscellaneous
463,#but when i open gdocs there are not,1,Miscellaneous
464,#fic for the exchange is almost done in,1,Miscellaneous
465,#i ask this question every day,1,Miscellaneous
466,#Inspo,1,Writing Inspiration
467,#intriguing,1,Miscellaneous
468,#Jana die sind alle klasse,1,Miscellaneous
469,#noooo,1,Miscellaneous
470,#I lowkey love it,1,Miscellaneous
471,#whaaaat,1,Miscellaneous
472,#writing prompts lists,1,"Writing, Writing Prompts and Ideas"
473,#writing help bc i haven,1,"Writing, Writing Prompts and Ideas"
474,#and forgive,1,Miscellaneous
475,#but that,1,Miscellaneous
476,#WRITER BRAIN GO BRRRRR,1,Writing Inspiration
477,#ohhhh this is giving Tess,1,Miscellaneous
478,#dude i cant even say that in my,1,Miscellaneous
479,#only moth fluff will do,1,Miscellaneous
480,#the only possible way is moth fluff,1,Miscellaneous
481,#ffr,1,For Later
482,#for future use,1,For Later
483,#romione fanfic,1,Specific Genres and Themes
484,#waffles,1,Miscellaneous
485,#HELLO,1,Miscellaneous
486,#romance tag,1,Specific Genres and Themes
487,#Chasing Chaos Blurs,1,Miscellaneous
488,#AU Prompt,1,Specific Genres and Themes
489,#Prompt List,1,"Writing, Writing Prompts and Ideas"
490,#reblogging for reference purposes,1,For Later
491,#trope talk,1,Specific Genres and Themes
492,#for writers,1,Miscellaneous
493,#creative prompts,1,"Writing, Writing Prompts and Ideas"
494,#fiction,1,"Writing, Writing Prompts and Ideas"
495,#im screaming crying throwing up,1,Miscellaneous
496,#rickorty,1,Miscellaneous
497,#oh this gives me ideas,1,Miscellaneous
498,#queue do count,1,Miscellaneous
499,#reblogged,1,Interactive and Engaging
500,#au prompts,1,Specific Genres and Themes
501,#in every confession scene Reid has this vibe,1,Miscellaneous
502,#OHHHHH this one is so good,1,Miscellaneous
503,#couldn,1,Miscellaneous
504,#sherlolly,1,Miscellaneous
505,#i love this prompt so much,1,Miscellaneous
506,#well i know what I,1,Miscellaneous
507,#about me,1,Miscellaneous
508,#data,1,Miscellaneous
509,#alone,1,Miscellaneous
510,#rpmeme,1,Miscellaneous
511,#someone send me a character to write this,1,Miscellaneous
512,#reblog time,1,Interactive and Engaging
513,#yyeesssss I love unusual AU combos,1,Miscellaneous
514,#au combos,1,Specific Genres and Themes
515,#fairytale and outer space combination sounds cool af,1,Specific Genres and Themes
516,#I like it,1,Miscellaneous
517,#Oooo AU crossovers,1,Specific Genres and Themes
518,#not my writing,1,Miscellaneous
519,#ghost x boarding school in particular sounds interesting,1,Specific Genres and Themes
520,#alternate universe,1,Specific Genres and Themes
521,#me asking someone to repeat themselves for the,1,Miscellaneous
522,#good luck non Australians,1,Miscellaneous
523,#gonna have to come back to this,1,Miscellaneous
524,#possible Faylen prompts hmm,1,Specific Genres and Themes
525,#have fun you guys,1,Miscellaneous
526,#jojo reference,1,Miscellaneous
527,#hehe,1,Miscellaneous
528,#oh frick I might need to use this,1,Miscellaneous
529,#shen qingqiu,1,Miscellaneous
530,#Ian wangji,1,Miscellaneous
531,#reference,1,Miscellaneous
532,#need this for later,1,For Later
533,#bookmark to read later,1,For Later
534,#saving this,1,For Later
535,#omg,1,Miscellaneous
536,#original work,1,"Writing, Writing Prompts and Ideas"
537,#reminders,1,Miscellaneous
538,#writing things,1,"Writing, Writing Prompts and Ideas"
539,#believe me i have lost countless conversations building,1,Miscellaneous
540,#and youll be left eith that empty feeling,1,Miscellaneous
541,#otherwise itll disappear,1,Miscellaneous
542,#unfortunately yes,1,Miscellaneous
543,#damn i had something good for this but,1,Miscellaneous
544,#this is me,1,Miscellaneous
545,#me currently,1,Miscellaneous
546,#writing motivation,1,Writing Inspiration
547,#fave,1,Miscellaneous
548,#Writing prompts,1,"Writing, Writing Prompts and Ideas"
549,#atlqntc prompts,1,Specific Genres and Themes
550,#so thanks,1,Miscellaneous
551,#apologies if that,1,Miscellaneous
552,#sounds exactly like what you,1,Miscellaneous
553,#gone to hell is dual timeline and an,1,Miscellaneous
554,#not saying to read my fic but uhhhh,1,Miscellaneous
555,#ty bread,1,Miscellaneous
556,#I see he,1,Miscellaneous
557,#and i was just thinking recently that i,1,Miscellaneous
558,#atlqntc fluff prompts,1,Miscellaneous
559,#i struggle a lot with knowing what Business,1,Miscellaneous
560,#ooh some Events and Situations,1,Miscellaneous
561,#prompt ideas,1,"Writing, Writing Prompts and Ideas"
562,#anyway he sets on a journey thinking he,1,Miscellaneous
563,#who,1,Miscellaneous
564,#atlqntc,1,Miscellaneous
565,#queue are you,1,Miscellaneous
566,#saving for future reference,1,For Later
567,#when your inner demon is hawt,1,Miscellaneous
568,#plot,1,"Writing, Writing Prompts and Ideas"
569,#YES LET ME FACE THIS SPECIFIC DEMON,1,Miscellaneous
570,#peaky blinders,1,Miscellaneous
571,#alfie solomons,1,Miscellaneous
572,#tom hardy,1,Miscellaneous
573,#lorkai reblogs,1,Miscellaneous
574,#mc talking about one of the brothers,1,Miscellaneous
575,#stealing tags because it,1,Miscellaneous
576,#alfie,1,Miscellaneous
577,#tommy,1,Miscellaneous
578,#i can see it,1,Miscellaneous
579,#this is an obey me prompt,1,Specific Genres and Themes
580,#ohh,1,Miscellaneous
581,#oh fuck,1,Miscellaneous
582,#look at this fur and fluff,1,Miscellaneous
583,#now that would be an issue eh,1,Miscellaneous
584,#plot of every other darkling fanfic,1,Specific Genres and Themes
585,#I had to start a new post for,1,Miscellaneous
586,#I mean look at him,1,Miscellaneous
587,#TY,1,Miscellaneous
588,#amelia bedelia and the boss who put a,1,Miscellaneous
589,#great advice,1,Writing Inspiration
590,#crook things,1,Miscellaneous
591,#posted by sm,1,Miscellaneous
592,#writing lessons,1,Writing Inspiration
593,#THANK YOU,1,Miscellaneous
594,#YES,1,Miscellaneous
595,#date prompts,1,Specific Genres and Themes
596,#WRITINGG,1,"Writing, Writing Prompts and Ideas"
597,#TIPS,1,Specific Genres and Themes
598,#TIP,1,Specific Genres and Themes
599,#HELPFUL,1,Specific Genres and Themes
600,#writing tip,1,Specific Genres and Themes
601,#drawing prompts,1,"Writing, Writing Prompts and Ideas"
602,#words,1,Miscellaneous
603,#trying to befriend my skeletons atm I,1,Miscellaneous
604,#keep,1,Miscellaneous
605,#a gun can do what most supers can,1,Miscellaneous
606,#oc tag,1,"Writing, Writing Prompts and Ideas"
607,#columbo,1,Miscellaneous
608,#destiel,1,Miscellaneous
609,#villaneve,1,Miscellaneous
610,#hannigram,1,Miscellaneous
611,#arthur pendragon,1,Miscellaneous
612,#merthur,1,Miscellaneous
613,#merlin,1,Miscellaneous
614,#upstead forever,1,Miscellaneous
615,#Jay about Hailey,1,Miscellaneous
616,#me irl,1,Miscellaneous
617,#The boys,1,Miscellaneous
618,#a gun,1,Miscellaneous
619,#with like,1,Miscellaneous
620,#and they never account for it in their,1,Miscellaneous
621,#comedy,1,Miscellaneous
622,#this is us,1,Miscellaneous
623,#This is literally Darker than Black,1,Miscellaneous
624,#creature,1,Miscellaneous
625,#rebagels,1,Miscellaneous
626,#pathfinder ryder,1,Miscellaneous
627,#commander shepard,1,Miscellaneous
628,#destiny hive worms,1,Miscellaneous
629,#yea,1,Miscellaneous
630,#creatures,1,Miscellaneous
631,#xD,1,Miscellaneous
632,#Or Hamatora,1,Miscellaneous
633,#i once had a nightmare similar to this,1,Miscellaneous
634,#this is short film material,1,Miscellaneous
635,#just a sweet setting,1,Miscellaneous
636,#same tbh,1,Miscellaneous
637,#literally cats,1,Miscellaneous
638,#just,1,Miscellaneous
639,#move faster than a person can see and,1,Miscellaneous
640,#grech reblogs,1,Miscellaneous
641,#hippos,1,Miscellaneous
642,#and honestly he should,1,Miscellaneous
643,#the british empire makes a comeback,1,Miscellaneous
644,#tw,1,Miscellaneous
645,#made in china,1,Miscellaneous
646,#isekai,1,Specific Genres and Themes
647,#shenanigans,1,Miscellaneous
648,#text reblog,1,Interactive and Engaging
649,#LMAO,1,Miscellaneous
650,#oh thats just how little me socialized,1,Miscellaneous
651,#humanity isn,1,Miscellaneous
652,#Puppy vibes,1,Miscellaneous
653,#image prompt,1,"Writing, Writing Prompts and Ideas"
654,#for my vtuber,1,Miscellaneous
655,#lore idea,1,Miscellaneous
656,#ksdl,1,Miscellaneous
657,#in spaaace,1,Miscellaneous
658,#MC has been in a really immersive theme,1,Miscellaneous
659,#you got three main ways of going about,1,Miscellaneous
660,#one,1,Miscellaneous
661,#avatrice,1,Miscellaneous
662,#he might have not killed anyone but he,1,Miscellaneous
663,#reigen arataka,1,Miscellaneous
664,#incredibles,1,Miscellaneous
665,#i swear this was an anime,1,Miscellaneous
666,#Plot twist you,1,Miscellaneous
667,#warrior nun,1,Miscellaneous
668,#wlw,1,Miscellaneous
669,#two,1,Miscellaneous
670,#as beatrice kicks his ass,1,Miscellaneous
671,#says ava,1,Miscellaneous
672,#s,1,Miscellaneous
673,#rebageled,1,Miscellaneous
674,#lit,1,Miscellaneous
675,#this was just my first thought,1,Miscellaneous
676,#sharks,1,Miscellaneous
677,#crocodiles,1,Miscellaneous
678,#oh boi,1,Miscellaneous
679,#but she knows it is her duty to,1,Miscellaneous
680,#bad romance prompts,1,Specific Genres and Themes
681,#my wips,1,"Writing, Writing Prompts and Ideas"
682,#wip,1,"Writing, Writing Prompts and Ideas"
683,#gw,1,Miscellaneous
684,#gundam wing,1,Miscellaneous
685,#queen of the world,1,Miscellaneous
686,#relena,1,Miscellaneous
687,#relena darlian,1,Miscellaneous
688,#relena peacecraft,1,Miscellaneous
689,#osas,1,Miscellaneous
690,#queenie osas,1,Miscellaneous
691,#skye osas,1,Miscellaneous
692,#do i do this for dany or lissa,1,Miscellaneous
693,#Great American biotic interchange 2,1,Miscellaneous
694,#so she puts it back on,1,Miscellaneous
695,#Kristanna,1,Miscellaneous
696,#Kristoff and Anna,1,Miscellaneous
697,#anna x kristoff,1,Miscellaneous
698,#proceeds to forget 20 percent of the story,1,Miscellaneous
699,#HE WANTS YOU TO PHOTOSHOP THE PICTURES ON,1,Miscellaneous
700,#EMERGENCY your boss has NOT been calling hits,1,Miscellaneous
701,#yes it does,1,Miscellaneous
702,#Just me,1,Miscellaneous
703,#Me,1,Miscellaneous
704,#random,1,Miscellaneous
705,#no need to put it anywhere else,1,Miscellaneous
706,#Queen Anna,1,Miscellaneous
707,#me,1,Miscellaneous
708,#about,1,Miscellaneous
709,#i know this is just a prompt but,1,Miscellaneous
710,#hibi carlando,1,Miscellaneous
711,#tsor,1,Miscellaneous
712,#carlos crown on tsor,1,Miscellaneous
713,#to keep herself safe,1,Miscellaneous
714,#she imagines throwing it into the creek that,1,Miscellaneous
715,#bears,1,Miscellaneous
716,#she takes off the crown and stares at,1,Miscellaneous
717,#8 would be fun to think of,1,Miscellaneous
718,#and Mer does not look like a polite,1,Miscellaneous
719,#NO ONE believes that Meli and Bela are,1,Miscellaneous
720,#also completely funny when I think about if,1,Miscellaneous
721,#everyone,1,Miscellaneous
722,#and 4 would be so fucking funny I,1,Miscellaneous
723,#Cheri being called a sweetheart but he is,1,Miscellaneous
724,#BUT NUMBER 3 IVE THOUGHT ABOUT SO MUCH,1,Miscellaneous
725,#but he,1,Miscellaneous
726,#even funnier if Weichei didn,1,Miscellaneous
727,#WAIT 2 WOULD BE SO FUNNY,1,Miscellaneous
728,#THIS LITERALLY MODERN TEMEICHEI FOOFPFT,1,Miscellaneous
729,#did you mean,1,Miscellaneous
730,#anime magic girl transformation sequence,1,Miscellaneous
731,#fucking wolves,1,Miscellaneous
732,#even tho weich would,1,Miscellaneous
733,#voli kinda is a free spirit tho,1,Miscellaneous
734,#and peri would,1,Miscellaneous
735,#ooh medieval,1,Miscellaneous
736,#and she takes a break from the celebrations,1,Miscellaneous
737,#This actually reminds me a lot of one,1,Miscellaneous
738,#character types,1,Miscellaneous
739,#I love the unpretentious characters types,1,Miscellaneous
740,#oh no dont rile up the sea queen,1,Miscellaneous
741,#the crown of a future queen laying heavy,1,Miscellaneous
742,#sun,1,Miscellaneous
743,#eurdyn,1,Miscellaneous
744,#lillie,1,Miscellaneous
745,#sunflowershipping,1,Miscellaneous
746,#lightsunshipping,1,Miscellaneous
747,#pokemon,1,Miscellaneous
748,#hello again royalty au that i abandoned,1,Miscellaneous
749,#oooooo,1,Miscellaneous
750,#oh yeah disposable thumbs everybody has them,1,Miscellaneous
751,#just for fun,1,Miscellaneous
752,#jane smith,1,Miscellaneous
753,#lol reminder for me to do theseseeseeeee pls,1,Writing Inspiration
754,#favorite,1,Miscellaneous
755,#damn,1,Miscellaneous
756,#except none of u know what numinous is,1,Miscellaneous
757,#NUMINOUS LORE,1,Miscellaneous
758,#this feels SO captainswan lol,1,Miscellaneous
759,#i just wanted to use my downtime to,1,Miscellaneous
760,#and although it was a once,1,Miscellaneous
761,#and the family i worked for took me,1,Miscellaneous
762,#actually this reminds me of when i was,1,Miscellaneous
763,#what a mood,1,Miscellaneous
764,#pip,1,Miscellaneous
765,#promptsforthestruggling author,1,Self-Reference
766,#and then she does,1,Miscellaneous
767,#its giving wolfpack dialogue vibes,1,Miscellaneous
768,#or sixes and nero,1,Miscellaneous
769,#I might write to this,1,For Later
770,#fotf,1,Miscellaneous
771,#faith of the fathers,1,Miscellaneous
772,#not a prompt,1,Miscellaneous
773,#post some character development,1,Miscellaneous
774,#like either or please,1,Miscellaneous
775,#but yes rage AND placid waters,1,Miscellaneous
776,#ok but why do i get no butterflies,1,Miscellaneous
777,#found family,1,Specific Genres and Themes
778,#found family found family found family,1,Specific Genres and Themes
779,#hero and villain,1,Specific Genres and Themes
780,#scenes,1,Specific Genres and Themes
781,#action prompts,1,Specific Genres and Themes
782,#action prompt,1,Specific Genres and Themes
783,#action,1,Specific Genres and Themes
784,#mentor and mentee prompts,1,Specific Genres and Themes
785,#mentor and mentee prompt,1,Specific Genres and Themes
786,#mentor and mentee,1,Specific Genres and Themes
787,#or nines and do,1,Miscellaneous
788,#or trees and fives,1,Miscellaneous
789,#story idea,1,"Writing, Writing Prompts and Ideas"
790,#Lennox,1,Miscellaneous
791,#You have a lot to make for,1,Miscellaneous
792,#So no I will not apologize for breaking,1,Miscellaneous
793,#Sorry doesn,1,Miscellaneous
794,#love torturing this awful man,1,Miscellaneous
795,#he,1,Miscellaneous
796,#Jeremiah is going,1,Miscellaneous
797,#Vestria,1,Miscellaneous
798,#also imagine your otp,1,Specific Genres and Themes
799,#apologies,1,Miscellaneous
800,#writing prompts for the struggling author,1,Self-Reference
801,#hero au,1,Specific Genres and Themes
802,#lol Amiver inspo,1,Writing Inspiration
803,#setting prompt,1,Specific Genres and Themes
804,#if you know,1,Miscellaneous
805,#a scoundrel and their swordsnake,1,Miscellaneous
806,#harry potter oc,1,Miscellaneous
807,#obx,1,Miscellaneous
808,#fav,1,Miscellaneous
809,#jj maybank,1,Miscellaneous
810,#my ocs,1,Specific Genres and Themes
811,#finley,1,Miscellaneous
812,#defuwa,1,Miscellaneous
813,#open the gate,1,Miscellaneous
814,#jiang cheng and wei wuxian,1,Miscellaneous
815,#coming for peter parkers throat with this one,1,Miscellaneous
816,#fred weasley,1,Miscellaneous
817,#come back to this,1,For Later
818,#maybe mha or smth u know,1,Miscellaneous
819,#remind me to do this later as I,1,For Later
820,#i love me some dumbass in a serious,1,Miscellaneous
821,#hero villain prompt,1,Specific Genres and Themes
822,#harry potter,1,Miscellaneous
823,#I hope they one day find this mindset,1,Miscellaneous
824,#but as it stands,1,Miscellaneous
825,#thry still got a long way down to,1,Miscellaneous
826,#griffin x faragonda,1,Miscellaneous
827,#mercy x adam,1,Miscellaneous
828,#incorrect mercy thompson quotes,1,Miscellaneous
829,#okay this is a mercy thompson quote if,1,Miscellaneous
830,#I did it and to this day I,1,Miscellaneous
831,#she asked me to throw away her wrapper,1,Miscellaneous
832,#Sylvester,1,Miscellaneous
833,#ITS GIVING ME IDEAS,1,Writing Inspiration
834,#who in svt and why is it jeonghan,1,Miscellaneous
835,#OOF THIS ONE HURTS SO GOOD,1,Miscellaneous
836,#tanyame vibes,1,Miscellaneous
837,#literally,1,Miscellaneous
838,#1x03,1,Miscellaneous
839,#rnm echo,1,Miscellaneous
840,#Not my prompt,1,Miscellaneous
841,#Juni 24,1,Miscellaneous
842,#twogyuu,1,Miscellaneous
843,#My OCs,1,"Writing, Writing Prompts and Ideas"
844,#happy international women,1,Miscellaneous
845,#arthuriana,1,Miscellaneous
846,#and they,1,Miscellaneous
847,#monty python,1,Miscellaneous
848,#in this thesis i will,1,Miscellaneous
849,#I feel like you,1,Miscellaneous
850,#by promptsforthestrugglingauthor,1,Self-Reference
851,#iwwd,1,Miscellaneous
852,#hurt comfort promts,1,Specific Genres and Themes
853,#oh i like this vibe a lot,1,Miscellaneous
854,#this is the plot of hotel transylvania 3,1,Miscellaneous
855,#i like that wip and will finish it,1,Miscellaneous
856,#actually 22 and 24 also,1,Miscellaneous
857,#love these,1,Miscellaneous
858,#21 is the entirety of that one lilo,1,Miscellaneous
859,#My writing,1,Writing Community
860,#SoS Morty Harper,1,Miscellaneous
861,#and Suzumi,1,Miscellaneous
862,#writing practice,1,Writing Inspiration
863,#writbl,1,Writing Community
864,#thank you,1,Miscellaneous
865,#i am literally about to write this,1,Miscellaneous
866,#this is so one of my ocs,1,Miscellaneous
867,#AND THEN THEY DIDN,1,Miscellaneous
868,#prompt 2237,1,Organization
869,#petrichor,1,Miscellaneous
870,#in need of a plot,1,Miscellaneous
871,#jupiter writes,1,Self-Reference
872,#aria,1,Miscellaneous
873,#misfits,1,Miscellaneous
874,#because she,1,Miscellaneous
875,#but also tongue in cheek ig,1,Miscellaneous
876,#Nelo,1,Miscellaneous
877,#emperor,1,Miscellaneous
878,#tumblr writing prompts,1,"Writing, Writing Prompts and Ideas"
879,#SoS Mirabell McRae,1,Miscellaneous
880,#Imagine your OTP,1,Specific Genres and Themes
881,#reblog to save for later,1,For Later
882,#religious,1,Miscellaneous
883,#fever prompts,1,Specific Genres and Themes
884,#will be using,1,Miscellaneous
885,#hnn,1,Miscellaneous
886,#immortal,1,Miscellaneous
887,#You KNOW who I,1,Miscellaneous
888,#wait hold up,1,Miscellaneous
889,#harmless like an invasive species a rich asshole,1,Miscellaneous
890,#i kinda like all of these,1,Miscellaneous
891,#It probably makes Cortona so frustrated pfpfff,1,Miscellaneous
892,#Low key Reil,1,Miscellaneous
893,#this prompt makes no sense and i,1,Miscellaneous
894,#like,1,Miscellaneous
895,#oh this has,1,Miscellaneous
896,#mother timothy goose,1,Miscellaneous
897,#ohhh this is so,1,Miscellaneous
898,#ylfa snorgelsson,1,Miscellaneous
899,#ge,1,Miscellaneous
900,#gg,1,Miscellaneous
901,#g,1,Miscellaneous
902,#commander vibes in general,1,Miscellaneous
903,#floofty bugsnax,1,Miscellaneous
904,#locklyle,1,Miscellaneous
905,#dialogue ideas,1,"Writing, Writing Prompts and Ideas"
906,#oooh the potential,1,Miscellaneous
907,#i am building a list of questions for,1,Miscellaneous
908,#didnt have a chance to last night,1,Miscellaneous
909,#i reeeeeaaaaally want a chance to question the,1,Miscellaneous
910,#man the shit we learned last night about,1,Miscellaneous
911,#here comes trouble,1,Miscellaneous
912,#wefrevef daphillis,1,Miscellaneous
913,#ysiad daphillis,1,Miscellaneous
914,#genge,1,Miscellaneous
915,#gengeal,1,Miscellaneous
916,#i could use this,1,For Later
917,#they can hide,1,Miscellaneous
918,#writing reference,1,For Later
919,#peepal Leo anyone,1,Miscellaneous
920,#oh queue,1,Miscellaneous
921,#sacrifice as an act of love,1,Miscellaneous
922,#everything everywhere all at once,1,Miscellaneous
923,#they can learn to blend in ffs,1,Miscellaneous
924,#they have been alive for sooo long,1,Miscellaneous
925,#potential fanfic idea,1,Miscellaneous
926,#give them a rich life pleaseeee,1,Miscellaneous
927,#culturally ignorant vampires are lame,1,Miscellaneous
928,#ugg,1,Miscellaneous
929,#pet peeve,1,Miscellaneous
930,#oh my god im living for this,1,Miscellaneous
931,#sybilla eirik,1,Miscellaneous
932,#bookmark,1,Miscellaneous
933,#poison wip,1,Miscellaneous
934,#oh no oh no oh no,1,Miscellaneous
935,#will have to come back to this one,1,Miscellaneous
936,#prompt 956,1,Organization
937,#fic prompt,1,"Writing, Writing Prompts and Ideas"
938,#hold this,1,Miscellaneous
939,#till death do us part and then some,1,Miscellaneous
940,#its giving ambrosia laying down his life for,1,Miscellaneous
941,#couple inspo,1,Writing Inspiration
942,#prev dont do this to me ive cried,1,Miscellaneous
943,#the former having the realization they are being,1,Miscellaneous
944,#pine hollow,1,Miscellaneous
945,#Writing help,1,Writing Inspiration
946,#Writing ideas,1,"Writing, Writing Prompts and Ideas"
947,#at,1,Miscellaneous
948,#reblog for future reference,1,For Later
949,#the q,1,Miscellaneous
950,#adagumo no yaorochi,1,Miscellaneous
951,#and the latter is being a bit more,1,Miscellaneous
952,#but specifically pre,1,Miscellaneous
953,#ghostface,1,Miscellaneous
954,#tagging this as pandora,1,Miscellaneous
955,#peepaw leo anyone,1,Miscellaneous
956,#keeper vezz,1,Miscellaneous
957,#qirri tinkerfirst,1,Miscellaneous
958,#the commander,1,Miscellaneous
959,#dead by daylight,1,Miscellaneous
960,#leon s kennedy,1,Miscellaneous
961,#it would be a shame if they got,1,Miscellaneous
962,#danny johnson,1,Miscellaneous
963,#ghostleon,1,Miscellaneous
964,#ouch this one hit hard,1,Miscellaneous
965,#imprint,1,Miscellaneous
966,#a relationship now severed,1,Miscellaneous
967,#now wouldn,1,Miscellaneous
968,#prompt 955,1,Organization
969,#stuff to write,1,Writing Inspiration
970,#prompt 954,1,Organization
971,#otp,1,Specific Genres and Themes
972,#Miruta Hanokai,1,Miscellaneous
973,#Olive Arnav,1,Miscellaneous
974,#Hansel Bakherel Drosselmeyer,1,Miscellaneous
975,#ships,1,Miscellaneous
976,#juju espeda,1,Miscellaneous
977,#eric amsel,1,Miscellaneous
978,#hartland,1,Miscellaneous
979,#jesstra,1,Miscellaneous
980,#oh this is for fluff lol,1,Miscellaneous
981,#scott tracy,1,Miscellaneous
982,#john tracy,1,Miscellaneous
983,#thunderbirds are go,1,Miscellaneous
984,#thunderbirds,1,Miscellaneous
985,#doubt there,1,Miscellaneous
986,#r,1,Miscellaneous
987,#petra,1,Miscellaneous
988,#it was rash to delete it but to,1,Miscellaneous
989,#kaitou kid vibes,1,Miscellaneous
990,#prince gerard of greenleigh,1,Miscellaneous
991,#rosumund du prix,1,Miscellaneous
992,#d20 pib,1,Miscellaneous
993,#pinocchicrow,1,Miscellaneous
994,#pinocchio,1,Miscellaneous
995,#dimension 20 neverafter,1,Miscellaneous
996,#skskksks,1,Miscellaneous
997,#SDMGMSDMGSDM NO SERIOUSLY,1,Miscellaneous
998,#but also me,1,Miscellaneous
999,#thats how their job and life is and,1,Miscellaneous
1000,#being a true warrior,1,Miscellaneous
1001,#its p clear that jessie,1,Miscellaneous
1002,#she just want to go on adventures fight,1,Miscellaneous
1003,#petra doesnt want to be a hero or,1,Miscellaneous
1004,#it was a little over a year old,1,Miscellaneous
1005,#other prompts,1,"Writing, Writing Prompts and Ideas"
1006,#ooo actually,1,Miscellaneous
1007,#basil x ratigan,1,Miscellaneous
1008,#I swear in the future after I draw,1,For Later
1009,#ado,1,Miscellaneous
1010,#mari,1,Miscellaneous
1011,#writeblr posts,1,Writing Community
1012,#tavi,1,Miscellaneous
1013,#TAVI GILDAS,1,Miscellaneous
1014,#speaking of Mensur,1,Miscellaneous
1015,#comicart,1,Miscellaneous
1016,#alas,1,Miscellaneous
1017,#this poor woman already has a horrible plotline,1,Miscellaneous
1018,#Vinsher and Wei,1,Miscellaneous
1019,#Crosswatch,1,Miscellaneous
1020,#rockstar au prompts,1,Specific Genres and Themes
1021,#bookmarks,1,For Later
1022,#original story,1,"Writing, Writing Prompts and Ideas"
1023,#orginal comic,1,Specific Genres and Themes
1024,#cults,1,Miscellaneous
1025,#so here ya go,1,Miscellaneous
1026,#campaign,1,Miscellaneous
1027,#laef pile of queue,1,Miscellaneous
1028,#i love this so much,1,Miscellaneous
1029,#AAAAAAAAAAAAAA,1,Miscellaneous
1030,#giggles,1,Miscellaneous
1031,#eat your heart out KuroTsuba fans,1,Miscellaneous
1032,#this feels like an exchange right out of,1,Miscellaneous
1033,#thorn,1,Miscellaneous
1034,#I can,1,Miscellaneous
1035,#teslen,1,Miscellaneous
1036,#mm,1,Miscellaneous
1037,#both of these ppl are gavin,1,Miscellaneous
1038,#tfw revenge fantasy,1,Miscellaneous
1039,#cod,1,Miscellaneous
1040,#for inspiration,1,Miscellaneous
1041,#ruhna talking to her ex killian,1,Miscellaneous
1042,#isa marsaii,1,Miscellaneous
1043,#slips this idea into the special tiny pocket,1,Miscellaneous
1044,#unbridled,1,Miscellaneous
1045,#angry hero,1,Miscellaneous
1046,#And you better hope that they tether her,1,Miscellaneous
1047,#dark mr,1,Miscellaneous
1048,#and i will fuck them,1,Miscellaneous
1049,#and you,1,Miscellaneous
1050,#now everyone must suffer,1,Miscellaneous
1051,#they did,1,Miscellaneous
1052,#you asked them to make themselves comfortables whne,1,Miscellaneous
1053,#about Bonely,1,Miscellaneous
1054,#Bonely,1,Miscellaneous
1055,#others writing,1,Miscellaneous
1056,#inspi for meee,1,Writing Inspiration
1057,#villain redemption arc,1,Specific Genres and Themes
1058,#you find the true identity of the super,1,Miscellaneous
1059,#rage,1,Miscellaneous
1060,#liberating,1,Miscellaneous
1061,#freedom,1,Miscellaneous
1062,#Parker,1,Miscellaneous
1063,#this but as ratatouille fanfiction,1,Miscellaneous
1064,#ME,1,Miscellaneous
1065,#they hate delivery men,1,Miscellaneous
1066,#doc,1,Miscellaneous
1067,#REAL,1,Miscellaneous
1068,#the squad,1,Miscellaneous
1069,#What a nice vampire,1,Miscellaneous
1070,#Unleashed,1,Miscellaneous
1071,#ficlet,1,Miscellaneous
1072,#van helsing,1,Miscellaneous
1073,#vampire,1,Specific Genres and Themes
1074,#this is really us,1,Miscellaneous
1075,#humans are space australians,1,Miscellaneous
1076,#microstory,1,Miscellaneous
1077,#this chld is the godfather,1,Miscellaneous
1078,#and I,1,Miscellaneous
1079,#All I can think about is meri and,1,Miscellaneous
1080,#penis explosion,1,Miscellaneous
1081,#trug,1,Miscellaneous
1082,#sad truf,1,Miscellaneous
1083,#power word kill,1,Miscellaneous
1084,#rincewind,1,Miscellaneous
1085,#fart sound effect,1,Miscellaneous
1086,#sorry,1,Miscellaneous
1087,#oh this is hilarious,1,Miscellaneous
1088,#use your hearts and brains,1,Miscellaneous
1089,#the Dark,1,Miscellaneous
1090,#isnt this a tma episode,1,Miscellaneous
1091,#jejeje,1,Miscellaneous
1092,#first thing to come into my mind was,1,Miscellaneous
1093,#one of the sessions im planning for the,1,Miscellaneous
1094,#swl vibes,1,Miscellaneous
1095,#too many humans are pretty much the worst,1,Miscellaneous
1096,#please and thank you,1,Miscellaneous
1097,#ASDJSKALDJSALK,1,Miscellaneous
1098,#old villain vs new villain,1,Miscellaneous
1099,#AND HE,1,Miscellaneous
1100,#HIS NAME IS BOB HE,1,Miscellaneous
1101,#I WANNA WRITE A KOTLC AU,1,Miscellaneous
1102,#AHAHAHAHAHAAHAHAH,1,Miscellaneous
1103,#Just imagine twilight gets poofed from a high,1,Miscellaneous
1104,#And I am incapable of breathing,1,Miscellaneous
1105,#super villain,1,Specific Genres and Themes
1106,#the one part that isn,1,Miscellaneous
1107,#ooooo i,1,Miscellaneous
1108,#notebook,1,For Later
1109,#to write,1,Writing Inspiration
1110,#oh this is briljant,1,Miscellaneous
1111,#satan and the archangel,1,Specific Genres and Themes
1112,#angels and demons,1,Specific Genres and Themes
1113,#excellent,1,Miscellaneous
1114,#I make,1,Miscellaneous
1115,#two pbj sandwiches,1,Miscellaneous
1116,#luxneedstowrite,1,Self-Reference
1117,#PLATONIC POWER COUPLE,1,Miscellaneous
1118,#very funny,1,Miscellaneous
1119,#concept wise,1,Miscellaneous
1120,#but like,1,Miscellaneous
1121,#not that fable or isla would do this,1,Miscellaneous
1122,#this me fr uwu,1,Miscellaneous
1123,#bees,1,Miscellaneous
1124,#i feel like this is the plot of,1,Miscellaneous
1125,#like the 80s,1,Miscellaneous
1126,#the movie from,1,Miscellaneous
1127,#highlander,1,Miscellaneous
1128,#medic tf2,1,Miscellaneous
1129,#fresh,1,Miscellaneous
1130,#kin things,1,Miscellaneous
1131,#god i forgot about those two i love,1,Miscellaneous
1132,#lol i wish my bees respected me this,1,Miscellaneous
1133,#going to be so well rested,1,Miscellaneous
1134,#well that,1,Miscellaneous
1135,#fnv,1,Miscellaneous
1136,#writting prompt,1,"Writing, Writing Prompts and Ideas"
1137,#THIS IS GOLD,1,Miscellaneous
1138,#IT,1,Miscellaneous
1139,#BAHAHAHAHA,1,Miscellaneous
1140,#and then everyone died,1,Miscellaneous
1141,#Amazon,1,Miscellaneous
1142,#i get NO respect,1,Miscellaneous
1143,#yeah that checks out,1,Miscellaneous
1144,#scifi writing,1,Specific Genres and Themes
1145,#humans are terrifying,1,Miscellaneous
1146,#humans are space orcs,1,Miscellaneous
1147,#kfmdofmdkf LOVE this,1,Miscellaneous
1148,#Dania Sharling maybe,1,Miscellaneous
1149,#practical uses of magic,1,Miscellaneous
1150,#not anymore,1,Miscellaneous
1151,#my soul gets harvested immediately,1,Miscellaneous
1152,#introvert,1,Miscellaneous
1153,#this would be both heaven and hell for,1,Miscellaneous
1154,#oh id die so quickly,1,Miscellaneous
1155,#I don,1,Miscellaneous
1156,#also this is a nightmare for me,1,Miscellaneous
1157,#like seriously I spend the majority of the,1,Miscellaneous
1158,#guess I,1,Miscellaneous
1159,#grilled cheese,1,Miscellaneous
1160,#one clever predator and suddenly the herds are,1,Miscellaneous
1161,#Garlic bread,1,Miscellaneous
1162,#I will prepare bread,1,Miscellaneous
1163,#this is not the best meal in the,1,Miscellaneous
1164,#reminds me of Tenacious D,1,Miscellaneous
1165,#aini,1,Miscellaneous
1166,#modern johnny vs devil,1,Miscellaneous
1167,#damn bro,1,Miscellaneous
1168,#gonna file that one away,1,For Later
1169,#sleep deprivation,1,Miscellaneous
1170,#duh,1,Miscellaneous
1171,#but could you,1,Miscellaneous
1172,#except for to bed 8hrs before when i,1,Miscellaneous
1173,#i will do anything to get eight hours,1,Miscellaneous
1174,#honestly godly,1,Miscellaneous
1175,#me fantasizing every morning when my alarm would,1,Miscellaneous
1176,#writers ane tumblr,1,Writing Community
1177,#and do hw,1,Miscellaneous
1178,#this is what happens with The Entity and,1,Miscellaneous
1179,#real shit,1,Miscellaneous
1180,#Like Danny,1,Miscellaneous
1181,#my babies,1,Miscellaneous
1182,#sounds like Philip and Connor,1,Miscellaneous
1183,#oh that,1,Miscellaneous
1184,#I might write this someday but I,1,Miscellaneous
1185,#this is a tool that will help us,1,For Later
1186,#write later maybe maybe,1,For Later
1187,#sick prompt,1,Specific Genres and Themes
1188,#art prompt,1,Specific Genres and Themes
1189,#polyamourous,1,Specific Genres and Themes
1190,#difficulty breathing,1,Miscellaneous
1191,#fairy prompt,1,Specific Genres and Themes
1192,#do you have any idea how perverse this,1,Miscellaneous
1193,#no like seriously,1,Miscellaneous
1194,#serious fiction dangers,1,Miscellaneous
1195,#getting written into the story,1,Miscellaneous
1196,#boundary breaking,1,Miscellaneous
1197,#directly stating the plot,1,Miscellaneous
1198,#entities predating mortal notion of time,1,Miscellaneous
1199,#Elemental force,1,Miscellaneous
1200,#definitely not saving this for icemav purposes,1,For Later
1201,#relationships,1,Specific Genres and Themes
1202,#would love to play,1,Miscellaneous
1203,#wanted plots,1,Miscellaneous
1204,#polyam relationships,1,Specific Genres and Themes
1205,#writing adivce,1,Writing Inspiration
1206,#fen reblogs,1,Miscellaneous
1207,#heartbreak prompt,1,Specific Genres and Themes
1208,#ok imagine will halstead finally saying that to,1,Miscellaneous
1209,#to do,1,Miscellaneous
1210,#oh owww that,1,Miscellaneous
1211,#betrayal prompts,1,Specific Genres and Themes
1212,#betrayal prompt,1,Specific Genres and Themes
1213,#heartbreak prompts,1,Specific Genres and Themes
1214,#heartbreak,1,Specific Genres and Themes
1215,#prompt or life advice,1,Specific Genres and Themes
1216,#heavy angst prompts,1,Specific Genres and Themes
1217,#heavy angst prompt,1,Specific Genres and Themes
1218,#heavy angst,1,Specific Genres and Themes
1219,#angst prompt,1,Miscellaneous
1220,#sounds like a stede line,1,Miscellaneous
1221,#tee hee,1,Miscellaneous
1222,#plot inspo,1,Writing Inspiration
1223,#plot ideas,1,"Writing, Writing Prompts and Ideas"
1224,#creativewritingpromptsforwriting,1,Self-Reference
1225,#I write stuff,1,Miscellaneous
1226,#vamps rambles,1,Specific Genres and Themes
1227,#drabble things,1,Miscellaneous
1228,#ask meme things,1,Miscellaneous
1229,#also if you use one of the other,1,Miscellaneous
1230,#i mean i am writing,1,Miscellaneous
1231,#let,1,Miscellaneous
1232,#I cannot write smut but you never know,1,Miscellaneous
1233,#nsft,1,Miscellaneous
1234,#personal use only do not send pls,1,Miscellaneous
1235,#tagging for those that don,1,Miscellaneous
1236,#not sfw,1,Miscellaneous
1237,#saving these for requests,1,For Later
1238,#Medical AU,1,Specific Genres and Themes
1239,#illness,1,Specific Genres and Themes
1240,#sksbskdnks,1,Miscellaneous
1241,#i kinda want to writw,1,Miscellaneous
1242,#HAHAHAHAHAHHAHAHAHAHA,1,Miscellaneous
1243,#writing asks,1,Writing Community
1244,#and hey i did it,1,Miscellaneous
1245,#just wanted to get something done,1,Miscellaneous
1246,#made sure to find something silly,1,Miscellaneous
1247,#first story,1,"Writing, Writing Prompts and Ideas"
1248,#astralunarwrites,1,Miscellaneous
1249,#prompt 951,1,Organization
1250,#hdkjhkjshdjkf sounds too fitting sorry op,1,Miscellaneous
1251,#i miss it,1,Miscellaneous
1252,#lokicore,1,Miscellaneous
1253,#rose,1,Miscellaneous
1254,#smutty dialogue,1,Specific Genres and Themes
1255,#writeblr community,1,Writing Community
1256,#mayhaps,1,Miscellaneous
1257,#damn am i just gonna become a smut,1,Miscellaneous
1258,#angst hours,1,Specific Genres and Themes
1259,#Oof,1,Miscellaneous
1260,#This is kinda giving me ideas,1,Writing Inspiration
1261,#zachary williamson,1,Miscellaneous
1262,#rizwans,1,Miscellaneous
1263,#we had too few of these for our,1,Miscellaneous
1264,#kisses,1,Specific Genres and Themes
1265,#victor,1,Miscellaneous
1266,#nala,1,Miscellaneous
1267,#fera,1,Miscellaneous
1268,#freddie moore,1,Miscellaneous
1269,#quite a few sound like great fun,1,Miscellaneous
1270,#anabella silvette,1,Miscellaneous
1271,#or fusion au,1,Miscellaneous
1272,#anyone from a new infection,1,Miscellaneous
1273,#is this to distract fron thoughts I,1,Miscellaneous
1274,#no one is obliged to of course,1,Miscellaneous
1275,#so say we all,1,Miscellaneous
1276,#these are golden,1,Miscellaneous
1277,#blind date,1,Specific Genres and Themes
1278,#which is when I will probably answer all,1,Miscellaneous
1279,#desperate kissing tho,1,Miscellaneous
1280,#Yes he is immortal,1,Miscellaneous
1281,#I have an OC with long,1,Miscellaneous
1282,#Okay okay,1,Miscellaneous
1283,#only three people know about this irl,1,Miscellaneous
1284,#WIP,1,"Writing, Writing Prompts and Ideas"
1285,#feminisim,1,Miscellaneous
1286,#all of these are great but,1,Miscellaneous
1287,#creative prompts for writing,1,Self-Reference
1288,#kissing prompts,1,Specific Genres and Themes
1289,#Writing Prompts,1,"Writing, Writing Prompts and Ideas"
1290,#ooooohhhhhh,1,Miscellaneous
1291,#many ideas,1,"Writing, Writing Prompts and Ideas"
1292,#type,1,Miscellaneous
1293,#au list,1,Specific Genres and Themes
1294,#but,1,Miscellaneous
1295,#criminal minds fic,1,Miscellaneous
1296,#Ironstrange,1,Miscellaneous
1297,#lots of these are fun,1,Miscellaneous
1298,#stardew valley,1,Miscellaneous
1299,#hey y,1,Miscellaneous
1300,#RUNNIN,1,Miscellaneous
1301,#sea foam,1,Miscellaneous
1302,#heh,1,Miscellaneous
1303,#and yes this account is my new favourite,1,Miscellaneous
1304,#life advice,1,Writing Inspiration
1305,#dream smp,1,Miscellaneous
1306,#peggy carter would say this,1,Miscellaneous
1307,#rickcore,1,Miscellaneous
1308,#rick sanchez,1,Miscellaneous
1309,#is this not Yelena,1,Miscellaneous
1310,#musings,1,Miscellaneous
1311,#groog can take all your blood just by,1,Miscellaneous
1312,#hlvrai,1,Miscellaneous
1313,#bleach,1,Miscellaneous
1314,#mgg smut,1,Miscellaneous
1315,#a tale of moonstone and heather,1,Miscellaneous
1316,#matthewgraygubler,1,Miscellaneous
1317,#criminal minds,1,Miscellaneous
1318,#mgg,1,Miscellaneous
1319,#mack,1,Miscellaneous
1320,#writing exercise,1,"Writing, Writing Prompts and Ideas"
1321,#spring,1,Miscellaneous
1322,#word prompt,1,"Writing, Writing Prompts and Ideas"
1323,#probably more but brain empty,1,Miscellaneous
1324,#monthly challenge,1,Writing Inspiration
1325,#general prompt,1,"Writing, Writing Prompts and Ideas"
1326,#doodling,1,Miscellaneous
1327,#doodle prompts,1,Miscellaneous
1328,#creative blog,1,"Writing, Writing Prompts and Ideas"
1329,#writing blog,1,"Writing, Writing Prompts and Ideas"
1330,#just thought I,1,Miscellaneous
