response_id,containing_elements,continuation_of_prompt,considered_as_narrative,narrative_agent,type_of_narrator
wp001r001,yes,no,no,NA,NA
wp001r002,yes,yes,yes,UNKNOWN,UNKNOWN
wp001r003,yes,yes,yes,TUMBLR,UNKNOWN
wp001r004,yes,yes,yes,TUMBLR,EN
wp001r005,yes,no,yes,TUMBLR,CN
wp001r006,no,no,no,NA,NA
wp001r007,yes,yes,yes,TUMBLR,CN
wp001r008,yes,no,no,NA,NA
wp001r009,yes,yes,yes,TUMBLR,EN
wp001r010,yes,no,no,NA,NA
wp001r011,no,no,no,NA,NA
wp001r012,yes,no,no,NA,NA
wp001r013,yes,no,no,NA,NA
wp001r014,no,no,no,NA,NA
wp001r015,yes,no,no,NA,NA
wp001r016,yes,no,no,NA,NA
wp001r017,no,no,no,NA,NA
wp001r018,no,no,no,NA,NA
wp001r019,yes,yes,yes,TUMBLR,CN
wp001r020,yes,yes,no,NA,NA
wp002r001,no,no,no,NA,NA
wp002r002,no,no,no,NA,NA
wp002r003,no,no,no,NA,NA
wp002r004,no,yes,no,NA,NA
wp002r005,no,no,no,NA,NA
wp002r006,no,no,no,NA,NA
wp002r007,yes,yes,yes,UNKNOWN,UNKNOWN
wp002r008,yes,yes,no,NA,NA
wp002r009,yes,yes,yes,TUMBLR,UNKNOWN
wp002r010,yes,yes,yes,IN,EN
wp002r011,yes,no,no,NA,NA
wp002r012,no,no,no,NA,NA
wp002r013,no,yes,no,NA,NA
wp002r014,yes,yes,yes,TUMBLR,CN
wp002r015,no,no,no,NA,NA
wp002r016,yes,yes,yes,IN,CN
wp002r017,yes,no,no,NA,NA
wp002r018,yes,no,no,NA,NA
wp002r019,no,no,no,NA,NA
wp002r020,no,no,no,NA,NA
wp003r001,yes,yes,yes,TUMBLR,EN
wp003r002,no,yes,no,NA,NA
wp003r003,yes,yes,yes,IN,CN
wp003r004,no,no,no,NA,NA
wp003r005,yes,yes,yes,TUMBLR,CN
wp003r006,no,yes,no,NA,NA
wp003r007,yes,yes,yes,TUMBLR,EN
wp003r008,yes,yes,no,NA,NA
wp003r009,yes,yes,no,NA,NA
wp003r010,yes,yes,yes,TUMBLR,CN
wp003r011,no,yes,no,NA,NA
wp003r012,no,no,no,NA,NA
wp003r013,yes,yes,no,NA,NA
wp003r014,no,no,no,NA,NA
wp003r015,no,yes,no,NA,NA
wp003r016,no,no,no,NA,NA
wp003r017,yes,yes,yes,TUMBLR,EN
wp003r018,yes,yes,no,NA,NA
wp003r019,yes,yes,yes,TUMBLR,EN
wp003r020,no,no,no,NA,NA
wp004r001,no,no,no,NA,NA
wp004r002,yes,yes,yes,IN,CN
wp004r003,yes,yes,yes,TUMBLR,CN
wp004r004,no,yes,no,NA,NA
wp004r005,yes,yes,no,NA,NA
wp004r006,yes,yes,no,NA,NA
wp004r007,no,yes,no,NA,NA
wp004r008,no,yes,yes,TUMBLR,CN
wp004r009,no,no,no,NA,NA
wp004r010,no,no,no,NA,NA
wp004r011,no,no,no,NA,NA
wp004r012,no,no,no,NA,NA
wp004r013,no,no,no,NA,NA
wp004r014,no,yes,no,NA,NA
wp004r015,no,no,no,NA,NA
wp004r016,no,no,no,NA,NA
wp004r017,no,no,no,NA,NA
wp004r018,no,no,no,NA,NA
wp004r019,no,no,no,NA,NA
wp004r020,no,no,no,NA,NA
wp005r001,no,no,no,NA,NA
wp005r002,yes,yes,yes,UNKNOWN,CN
wp005r003,yes,no,no,NA,NA
wp005r004,no,yes,no,NA,NA
wp005r005,yes,yes,yes,TUMBLR,EN
wp005r006,yes,yes,yes,TUMBLR,CN
wp005r007,yes,yes,no,NA,NA
wp005r008,yes,yes,no,NA,NA
wp005r009,yes,yes,no,NA,NA
wp005r010,no,yes,no,NA,NA
wp005r011,no,no,no,NA,NA
wp005r012,no,no,no,NA,NA
wp005r013,no,no,no,NA,NA
wp005r014,no,no,no,NA,NA
wp005r015,no,no,no,NA,NA
wp005r016,no,no,no,NA,NA
wp005r017,no,no,no,NA,NA
wp005r018,no,no,no,NA,NA
wp005r019,no,no,no,NA,NA
wp005r020,no,no,no,NA,NA
wp006r001,no,yes,no,NA,NA
wp006r002,yes,no,no,NA,NA
wp006r003,no,yes,no,NA,NA
wp006r004,no,no,no,NA,NA
wp006r005,no,no,no,NA,NA
wp006r006,no,no,no,NA,NA
wp006r007,yes,yes,yes,TUMBLR,EN
wp006r008,no,yes,no,NA,NA
wp006r009,no,no,no,NA,NA
wp006r010,no,yes,no,NA,NA
wp006r011,no,no,no,NA,NA
wp006r012,no,no,no,NA,NA
wp006r013,no,no,no,NA,NA
wp006r014,yes,no,no,NA,NA
wp006r015,no,no,no,NA,NA
wp006r016,no,no,no,NA,NA
wp006r017,yes,no,no,NA,NA
wp006r018,yes,no,no,NA,NA
wp006r019,no,no,no,NA,NA
wp006r020,no,no,no,NA,NA
wp007r001,yes,yes,no,NA,NA
wp007r002,yes,yes,no,NA,NA
wp007r003,yes,yes,no,NA,NA
wp007r004,yes,yes,yes,TUMBLR,UNKNOWN
wp007r005,yes,yes,no,NA,NA
wp007r006,yes,yes,no,NA,NA
wp007r007,yes,yes,no,NA,NA
wp007r008,yes,yes,no,NA,NA
wp007r009,yes,yes,no,NA,NA
wp007r010,yes,yes,no,NA,NA
wp007r011,yes,yes,no,NA,NA
wp007r012,yes,yes,no,NA,NA
wp007r013,yes,yes,no,NA,NA
wp007r014,yes,yes,no,NA,NA
wp007r015,yes,yes,no,NA,NA
wp007r016,no,no,no,NA,NA
wp007r017,yes,yes,no,NA,NA
wp007r018,yes,yes,yes,IN,EN
wp007r019,no,no,no,NA,NA
wp007r020,no,no,no,NA,NA
wp008r001,no,yes,yes,TUMBLR,UNKNOWN
wp008r002,yes,yes,yes,TUMBLR,CN
wp008r003,yes,yes,yes,TUMBLR,CN
wp008r004,no,yes,no,NA,NA
wp008r005,no,no,no,NA,NA
wp008r006,no,no,no,NA,NA
wp008r007,no,no,no,NA,NA
wp008r008,no,yes,yes,TUMBLR,EN
wp008r009,yes,yes,yes,TUMBLR,CN
wp008r010,no,no,no,NA,NA
wp008r011,no,no,no,NA,NA
wp008r012,no,no,no,NA,NA
wp008r013,no,no,no,NA,NA
wp008r014,no,no,no,NA,NA
wp008r015,no,no,no,NA,NA
wp008r016,no,no,no,NA,NA
wp008r017,no,no,no,NA,NA
wp008r018,no,yes,no,NA,NA
wp008r019,yes,yes,yes,TUMBLR,EN
wp008r020,no,no,no,NA,NA
wp009r001,yes,yes,yes,IN,CN
wp009r002,no,no,no,NA,NA
wp009r003,yes,yes,yes,TUMBLR,CN
wp009r004,yes,yes,yes,TUMBLR,CN
wp009r005,yes,yes,no,NA,NA
wp009r006,yes,yes,yes,TUMBLR,CN
wp009r007,yes,yes,yes,TUMBLR,CN
wp009r008,yes,yes,yes,TUMBLR,CN
wp009r009,yes,yes,yes,TUMBLR,CN
wp009r010,no,no,no,NA,NA
wp009r011,no,no,no,NA,NA
wp009r012,no,no,no,NA,NA
wp009r013,no,no,no,NA,NA
wp009r014,no,no,no,NA,NA
wp009r015,no,no,no,NA,NA
wp009r016,no,no,no,NA,NA
wp009r017,no,no,no,NA,NA
wp009r018,no,no,no,NA,NA
wp009r019,no,no,no,NA,NA
wp009r020,yes,yes,yes,TUMBLR,CN
wp010r001,no,no,no,NA,NA
wp010r002,no,no,no,NA,NA
wp010r003,no,no,no,NA,NA
wp010r004,no,no,no,NA,NA
wp010r005,no,no,no,NA,NA
wp010r006,no,no,no,NA,NA
wp010r007,no,no,no,NA,NA
wp010r008,no,no,no,NA,NA
wp010r009,no,no,no,NA,NA
wp010r010,no,no,no,NA,NA
wp010r011,no,no,no,NA,NA
wp010r012,no,no,no,NA,NA
wp010r013,no,no,no,NA,NA
wp010r014,no,no,no,NA,NA
wp010r015,no,no,no,NA,NA
wp010r016,no,no,no,NA,NA
wp010r017,yes,yes,yes,TUMBLR,CN
wp010r018,no,no,no,NA,NA
wp010r019,no,no,no,NA,NA
wp010r020,no,no,no,NA,NA
wp011r001,yes,no,no,NA,NA
wp011r002,no,no,no,NA,NA
wp011r003,yes,no,no,NA,NA
wp011r004,yes,no,no,NA,NA
wp011r005,yes,no,no,NA,NA
wp011r006,no,no,no,NA,NA
wp011r007,yes,no,no,NA,NA
wp011r008,no,no,no,NA,NA
wp011r009,no,no,no,NA,NA
wp011r010,yes,no,no,NA,NA
wp011r011,yes,no,no,NA,NA
wp011r012,no,yes,yes,TUMBLR,CN
wp011r013,no,no,no,NA,NA
wp011r014,no,no,no,NA,NA
wp011r015,no,yes,no,NA,NA
wp011r016,no,no,no,NA,NA
wp011r017,no,no,no,NA,NA
wp011r018,no,no,no,NA,NA
wp011r019,no,no,no,NA,NA
wp011r020,no,no,no,NA,NA
wp012r001,yes,yes,no,NA,NA
wp012r002,yes,yes,no,NA,NA
wp012r003,yes,yes,yes,TUMBLR,UNKNOWN
wp012r004,yes,yes,no,NA,NA
wp012r005,yes,yes,yes,TUMBLR,CN
wp012r006,yes,yes,no,NA,NA
wp012r007,yes,yes,no,NA,NA
wp012r008,yes,yes,no,NA,NA
wp012r009,yes,yes,yes,TUMBLR,CN
wp012r010,yes,yes,no,NA,NA
wp012r011,no,no,no,NA,NA
wp012r012,yes,yes,yes,IN,UNKNOWN
wp012r013,yes,yes,yes,UNKNOWN,UNKNOWN
wp012r014,yes,yes,no,NA,NA
wp012r015,no,no,no,NA,NA
wp012r016,no,no,no,NA,NA
wp012r017,yes,yes,no,NA,NA
wp012r018,yes,yes,no,NA,NA
wp012r019,yes,no,no,NA,NA
wp012r020,no,no,no,NA,NA
wp013r001,yes,yes,yes,UNKNOWN,UNKNOWN
wp013r002,no,no,no,NA,NA
wp013r003,yes,yes,yes,UNKNOWN,EN
wp013r004,no,no,no,NA,NA
wp013r005,yes,yes,no,NA,NA
wp013r006,no,no,no,NA,NA
wp013r007,yes,yes,yes,UNKNOWN,CN
wp013r008,yes,yes,no,NA,NA
wp013r009,no,no,no,NA,NA
wp013r010,yes,yes,yes,UNKNOWN,CN
wp013r011,yes,yes,no,NA,NA
wp013r012,no,no,no,NA,NA
wp013r013,no,no,no,NA,NA
wp013r014,yes,yes,yes,UNKNOWN,EN
wp013r015,no,no,no,NA,NA
wp013r016,yes,yes,no,NA,NA
wp013r017,yes,yes,yes,IN,CN
wp013r018,no,no,no,NA,NA
wp013r019,yes,yes,yes,IN,CN
wp013r020,no,no,no,NA,NA
wp014r001,no,yes,yes,UNKNOWN,UNKNOWN
wp014r002,no,yes,no,NA,NA
wp014r003,yes,yes,yes,UNKNOWN,UNKNOWN
wp014r004,no,yes,no,NA,NA
wp014r005,no,yes,yes,UNKNOWN,UNKNOWN
wp014r006,yes,yes,yes,IN,EN
wp014r007,no,yes,yes,UNKNOWN,UNKNOWN
wp014r008,no,no,no,NA,NA
wp014r009,no,no,no,NA,NA
wp014r010,no,yes,yes,UNKNOWN,EN
wp014r011,no,no,no,NA,NA
wp014r012,no,no,no,NA,NA
wp014r013,no,no,no,NA,NA
wp014r014,no,no,no,NA,NA
wp014r015,no,no,no,NA,NA
wp014r016,no,no,no,NA,NA
wp014r017,no,no,no,NA,NA
wp014r018,yes,yes,yes,IN,CN
wp014r019,no,no,no,NA,NA
wp014r020,no,no,no,NA,NA
wp015r001,yes,yes,yes,TUMBLR,CN
wp015r002,no,no,no,NA,NA
wp015r003,yes,yes,no,NA,NA
wp015r004,no,yes,no,NA,NA
wp015r005,yes,yes,no,NA,NA
wp015r006,yes,yes,yes,TUMBLR,EN
wp015r007,no,no,no,NA,NA
wp015r008,yes,yes,no,NA,NA
wp015r009,no,no,no,NA,NA
wp015r010,no,yes,no,NA,NA
wp015r011,no,no,no,NA,NA
wp015r012,no,no,no,NA,NA
wp015r013,yes,yes,yes,TUMBLR,EN
wp015r014,yes,yes,yes,IN,CN
wp015r015,no,no,no,NA,NA
wp015r016,no,no,no,NA,NA
wp015r017,no,no,no,NA,NA
wp015r018,no,no,no,NA,NA
wp015r019,no,no,no,NA,NA
wp015r020,no,no,no,NA,NA
wp016r001,yes,yes,no,NA,NA
wp016r002,yes,yes,no,NA,NA
wp016r003,yes,yes,no,NA,NA
wp016r004,yes,yes,no,NA,NA
wp016r005,yes,yes,yes,TUMBLR,EN
wp016r006,yes,yes,no,NA,NA
wp016r007,yes,yes,no,NA,NA
wp016r008,yes,yes,yes,UNKNOWN,UNKNOWN
wp016r009,yes,yes,yes,TUMBLR,UNKNOWN
wp016r010,yes,yes,no,NA,NA
wp016r011,no,no,no,NA,NA
wp016r012,no,no,no,NA,NA
wp016r013,yes,yes,no,NA,NA
wp016r014,yes,yes,yes,IN,UNKNOWN
wp016r015,no,no,no,NA,NA
wp016r016,yes,yes,yes,IN,CN
wp016r017,yes,yes,no,NA,NA
wp016r018,no,no,no,NA,NA
wp016r019,no,no,no,NA,NA
wp016r020,yes,yes,yes,IN,CN
wp017r001,no,yes,no,NA,NA
wp017r002,no,yes,no,NA,NA
wp017r003,no,yes,no,NA,NA
wp017r004,no,yes,yes,UNKNOWN,UNKNOWN
wp017r005,no,yes,no,NA,NA
wp017r006,yes,yes,yes,IN,CN
wp017r007,no,yes,no,NA,NA
wp017r008,yes,yes,yes,UNKNOWN,UNKNOWN
wp017r009,yes,yes,no,NA,NA
wp017r010,no,yes,no,NA,NA
wp017r011,no,yes,no,NA,NA
wp017r012,no,no,no,NA,NA
wp017r013,no,yes,no,NA,NA
wp017r014,no,yes,no,NA,NA
wp017r015,no,yes,no,NA,NA
wp017r016,no,yes,no,NA,NA
wp017r017,yes,yes,yes,IN,EN
wp017r018,no,yes,no,NA,NA
wp017r019,no,yes,no,NA,NA
wp017r020,yes,yes,yes,IN,EN
wp018r001,yes,yes,no,NA,NA
wp018r002,no,yes,no,NA,NA
wp018r003,yes,yes,no,NA,NA
wp018r004,yes,yes,no,NA,NA
wp018r005,yes,yes,yes,TUMBLR,CN
wp018r006,no,yes,no,NA,NA
wp018r007,no,yes,no,NA,NA
wp018r008,yes,yes,yes,TUMBLR,UNKNOWN
wp018r009,yes,yes,yes,IN,UNKNOWN
wp018r010,no,no,no,NA,NA
wp018r011,no,no,no,NA,NA
wp018r012,yes,no,no,NA,NA
wp018r013,no,yes,no,NA,NA
wp018r014,no,no,no,NA,NA
wp018r015,no,yes,no,NA,NA
wp018r016,no,no,no,NA,NA
wp018r017,no,no,no,NA,NA
wp018r018,no,yes,no,NA,NA
wp018r019,no,no,no,NA,NA
wp018r020,no,yes,no,NA,NA
wp019r001,no,yes,no,NA,NA
wp019r002,no,no,no,NA,NA
wp019r003,no,no,no,NA,NA
wp019r004,no,no,no,NA,NA
wp019r005,no,yes,yes,UNKNOWN,UNKNOWN
wp019r006,no,yes,no,NA,NA
wp019r007,yes,yes,yes,UNKNOWN,UNKNOWN
wp019r008,yes,yes,no,NA,NA
wp019r009,yes,yes,no,NA,NA
wp019r010,yes,yes,no,NA,NA
wp019r011,yes,yes,no,NA,NA
wp019r012,no,yes,no,NA,NA
wp019r013,yes,yes,yes,IN,EN
wp019r014,no,no,no,NA,NA
wp019r015,no,no,no,NA,NA
wp019r016,yes,yes,yes,TUMBLR,CN
wp019r017,yes,yes,no,NA,NA
wp019r018,no,yes,no,NA,NA
wp019r019,yes,yes,no,NA,NA
wp019r020,no,no,no,NA,NA
wp020r001,yes,yes,yes,IN,UNKNOWN
wp020r002,yes,yes,no,NA,NA
wp020r003,no,no,no,NA,NA
wp020r004,no,yes,no,NA,NA
wp020r005,yes,yes,yes,UNKNOWN,UNKNOWN
wp020r006,yes,yes,yes,IN,UNKNOWN
wp020r007,no,no,no,NA,NA
wp020r008,no,no,no,NA,NA
wp020r009,yes,yes,no,NA,NA
wp020r010,yes,yes,yes,IN,UNKNOWN
wp020r011,no,no,no,NA,NA
wp020r012,yes,no,no,NA,NA
wp020r013,yes,yes,yes,IN,EN
wp020r014,yes,yes,yes,IN,EN
wp020r015,no,yes,no,NA,NA
wp020r016,no,yes,no,NA,NA
wp020r017,no,yes,no,NA,NA
wp020r018,yes,yes,yes,IN,CN
wp020r019,no,no,no,NA,NA
wp020r020,yes,yes,yes,IN,CN
wp021r001,no,no,no,NA,NA
wp021r002,yes,yes,no,NA,NA
wp021r003,yes,yes,yes,TUMBLR,UNKNOWN
wp021r004,yes,yes,yes,IN,CN
wp021r005,no,no,no,NA,NA
wp021r006,no,yes,no,NA,NA
wp021r007,no,yes,no,NA,NA
wp021r008,yes,yes,yes,TUMBLR,UNKNOWN
wp021r009,yes,yes,no,NA,NA
wp021r010,yes,yes,yes,IN,CN
wp021r011,no,no,no,NA,NA
wp021r012,no,no,no,NA,NA
wp021r013,yes,no,no,NA,NA
wp021r014,yes,no,no,NA,NA
wp021r015,no,no,no,NA,NA
wp021r016,no,yes,no,NA,NA
wp021r017,no,no,no,NA,NA
wp021r018,no,no,no,NA,NA
wp021r019,yes,yes,yes,IN,UNKNOWN
wp021r020,yes,yes,yes,IN,CN
wp022r001,no,yes,no,NA,NA
wp022r002,no,no,no,NA,NA
wp022r003,no,yes,no,NA,NA
wp022r004,no,yes,no,NA,NA
wp022r005,no,yes,no,NA,NA
wp022r006,yes,yes,yes,TUMBLR,CN
wp022r007,yes,yes,no,NA,NA
wp022r008,yes,yes,no,NA,NA
wp022r009,no,yes,no,NA,NA
wp022r010,no,yes,no,NA,NA
wp022r011,no,no,no,NA,NA
wp022r012,no,no,no,NA,NA
wp022r013,no,yes,no,NA,NA
wp022r014,no,no,no,NA,NA
wp022r015,no,no,no,NA,NA
wp022r016,no,no,no,NA,NA
wp022r017,no,yes,no,NA,NA
wp022r018,no,yes,no,NA,NA
wp022r019,no,no,no,NA,NA
wp022r020,no,no,no,NA,NA
wp023r001,yes,yes,no,NA,NA
wp023r002,yes,yes,yes,TUMBLR,EN
wp023r003,no,no,no,NA,NA
wp023r004,no,yes,yes,IN,UNKNOWN
wp023r005,yes,yes,yes,TUMBLR,UNKNOWN
wp023r006,no,no,no,NA,NA
wp023r007,no,yes,no,NA,NA
wp023r008,yes,yes,no,NA,NA
wp023r009,no,no,no,NA,NA
wp023r010,no,no,no,NA,NA
wp023r011,no,no,no,NA,NA
wp023r012,no,no,no,NA,NA
wp023r013,no,no,no,NA,NA
wp023r014,no,no,no,NA,NA
wp023r015,no,no,no,NA,NA
wp023r016,yes,yes,yes,IN,UNKNOWN
wp023r017,no,no,no,NA,NA
wp023r018,yes,no,no,NA,NA
wp023r019,no,no,no,NA,NA
wp023r020,no,no,no,NA,NA
wp024r001,yes,yes,no,NA,NA
wp024r002,yes,yes,no,NA,NA
wp024r003,yes,yes,no,NA,NA
wp024r004,yes,yes,no,NA,NA
wp024r005,yes,yes,no,NA,NA
wp024r006,yes,yes,no,NA,NA
wp024r007,yes,yes,no,NA,NA
wp024r008,yes,yes,no,NA,NA
wp024r009,yes,yes,no,NA,NA
wp024r010,yes,yes,no,NA,NA
wp024r011,yes,yes,no,NA,NA
wp024r012,yes,yes,no,NA,NA
wp024r013,yes,yes,no,NA,NA
wp024r014,yes,yes,no,NA,NA
wp024r015,yes,yes,yes,IN,EN
wp024r016,no,no,no,NA,NA
wp024r017,yes,yes,no,NA,NA
wp024r018,yes,yes,no,NA,NA
wp024r019,no,no,no,NA,NA
wp024r020,yes,yes,no,NA,NA
wp025r001,no,yes,no,NA,NA
wp025r002,yes,yes,no,NA,NA
wp025r003,yes,yes,no,NA,NA
wp025r004,yes,yes,no,NA,NA
wp025r005,yes,yes,yes,IN,UNKNOWN
wp025r006,no,yes,no,NA,NA
wp025r007,no,yes,no,NA,NA
wp025r008,no,no,no,NA,NA
wp025r009,yes,yes,yes,TUMBLR,EN
wp025r010,yes,yes,yes,IN,EN
wp025r011,no,yes,no,NA,NA
wp025r012,no,no,no,NA,NA
wp025r013,no,no,no,NA,NA
wp025r014,no,yes,no,NA,NA
wp025r015,no,no,no,NA,NA
wp025r016,no,no,no,NA,NA
wp025r017,no,no,no,NA,NA
wp025r018,no,no,no,NA,NA
wp025r019,no,no,no,NA,NA
wp025r020,yes,yes,yes,IN,EN
wp026r001,yes,yes,no,NA,NA
wp026r002,no,no,no,NA,NA
wp026r003,no,no,no,NA,NA
wp026r004,no,no,no,NA,NA
wp026r005,yes,no,no,NA,NA
wp026r006,no,yes,no,NA,NA
wp026r007,no,yes,no,NA,NA
wp026r008,no,yes,no,NA,NA
wp026r009,no,yes,yes,IN,CN
wp026r010,no,yes,no,NA,NA
wp026r011,no,no,no,NA,NA
wp026r012,no,yes,no,NA,NA
wp026r013,no,no,no,NA,NA
wp026r014,no,no,no,NA,NA
wp026r015,no,no,no,NA,NA
wp026r016,no,no,no,NA,NA
wp026r017,no,no,no,NA,NA
wp026r018,no,no,no,NA,NA
wp026r019,no,no,no,NA,NA
wp026r020,yes,no,no,NA,NA
wp027r001,no,no,no,NA,NA
wp027r002,no,no,no,NA,NA
wp027r003,no,no,no,NA,NA
wp027r004,no,yes,no,NA,NA
wp027r005,no,yes,no,NA,NA
wp027r006,no,no,no,NA,NA
wp027r007,no,yes,no,NA,NA
wp027r008,no,yes,no,NA,NA
wp027r009,no,no,no,NA,NA
wp027r010,no,no,no,NA,NA
wp027r011,no,no,no,NA,NA
wp027r012,no,no,no,NA,NA
wp027r013,no,no,no,NA,NA
wp027r014,no,no,no,NA,NA
wp027r015,no,yes,no,NA,NA
wp027r016,no,no,no,NA,NA
wp027r017,yes,yes,yes,IN,CN
wp027r018,no,no,no,NA,NA
wp027r019,yes,yes,yes,IN,CN
wp027r020,no,no,no,NA,NA
wp028r001,no,yes,no,NA,NA
wp028r002,no,no,no,NA,NA
wp028r003,no,no,no,NA,NA
wp028r004,no,yes,no,NA,NA
wp028r005,no,yes,no,NA,NA
wp028r006,no,no,no,NA,NA
wp028r007,no,yes,no,NA,NA
wp028r008,yes,yes,yes,TUMBLR,CN
wp028r009,no,no,no,NA,NA
wp028r010,yes,yes,yes,IN,EN
wp028r011,no,yes,no,NA,NA
wp028r012,no,yes,no,NA,NA
wp028r013,yes,no,no,NA,NA
wp028r014,no,no,no,NA,NA
wp028r015,yes,yes,yes,TUMBLR,CN
wp028r016,no,no,no,NA,NA
wp028r017,yes,yes,yes,IN,CN
wp028r018,yes,yes,no,NA,NA
wp028r019,no,no,no,NA,NA
wp028r020,no,no,no,NA,NA
wp029r001,yes,yes,no,NA,NA
wp029r002,yes,yes,yes,IN,CN
wp029r003,no,yes,no,NA,NA
wp029r004,no,yes,no,NA,NA
wp029r005,yes,yes,no,NA,NA
wp029r006,yes,yes,yes,IN,UNKNOWN
wp029r007,yes,yes,yes,IN,CN
wp029r008,yes,yes,no,NA,NA
wp029r009,yes,yes,yes,IN,UNKNOWN
wp029r010,yes,yes,yes,UNKNOWN,EN
wp029r011,no,no,no,NA,NA
wp029r012,no,no,no,NA,NA
wp029r013,no,no,no,NA,NA
wp029r014,no,no,no,NA,NA
wp029r015,no,yes,no,NA,NA
wp029r016,no,yes,no,NA,NA
wp029r017,no,no,no,NA,NA
wp029r018,no,no,no,NA,NA
wp029r019,no,yes,no,NA,NA
wp029r020,no,no,no,NA,NA
wp031r001,no,yes,no,NA,NA
wp031r002,no,yes,no,NA,NA
wp031r003,no,no,no,NA,NA
wp031r004,yes,yes,yes,IN,EN
wp031r005,no,no,no,NA,NA
wp031r006,no,yes,no,NA,NA
wp031r007,no,yes,no,NA,NA
wp031r008,yes,yes,no,NA,NA
wp031r009,yes,yes,yes,IN,EN
wp031r010,no,no,no,NA,NA
wp031r011,no,no,no,NA,NA
wp031r012,yes,no,no,NA,NA
wp031r013,no,no,no,NA,NA
wp031r014,no,no,no,NA,NA
wp031r015,yes,no,no,NA,NA
wp031r016,no,no,no,NA,NA
wp031r017,no,no,no,NA,NA
wp031r018,yes,yes,no,NA,NA
wp031r019,yes,yes,no,NA,NA
wp031r020,yes,yes,yes,UNKNOWN,EN
wp032r001,yes,yes,yes,IN,UNKNOWN
wp032r002,yes,yes,yes,TUMBLR,UNKNOWN
wp032r003,yes,yes,no,NA,NA
wp032r004,yes,yes,yes,TUMBLR,UNKNOWN
wp032r005,no,yes,no,NA,NA
wp032r006,yes,yes,yes,TUMBLR,UNKNOWN
wp032r007,yes,yes,yes,IN,CN
wp032r008,yes,yes,yes,UNKNOWN,UNKNOWN
wp032r009,yes,yes,yes,IN,CN
wp032r010,yes,yes,yes,UNKNOWN,UNKNOWN
wp032r011,yes,yes,yes,IN,CN
wp032r012,no,no,no,NA,NA
wp032r013,yes,yes,no,NA,NA
wp032r014,yes,yes,yes,IN,CN
wp032r015,yes,yes,no,NA,NA
wp032r016,no,no,no,NA,NA
wp032r017,no,yes,no,NA,NA
wp032r018,no,no,no,NA,NA
wp032r019,yes,yes,yes,UNKNOWN,UNKNOWN
wp032r020,yes,yes,yes,TUMBLR,EN
wp033r001,yes,yes,yes,IN,EN
wp033r002,no,yes,no,NA,NA
wp033r003,no,yes,no,NA,NA
wp033r004,no,yes,no,NA,NA
wp033r005,yes,yes,yes,IN,EN
wp033r006,no,yes,no,NA,NA
wp033r007,no,yes,no,NA,NA
wp033r008,no,yes,no,NA,NA
wp033r009,no,yes,no,NA,NA
wp033r010,no,no,no,NA,NA
wp033r011,no,no,no,NA,NA
wp033r012,no,no,no,NA,NA
wp033r013,no,yes,no,NA,NA
wp033r014,no,no,no,NA,NA
wp033r015,no,yes,no,NA,NA
wp033r016,no,no,no,NA,NA
wp033r017,no,no,no,NA,NA
wp033r018,no,no,no,NA,NA
wp033r019,yes,no,no,NA,NA
wp033r020,no,no,no,NA,NA
wp034r001,no,yes,yes,UNKNOWN,EN
wp034r002,yes,yes,no,NA,NA
wp034r003,yes,yes,no,NA,NA
wp034r004,yes,yes,yes,IN,CN
wp034r005,yes,yes,yes,UNKNOWN,CN
wp034r006,no,yes,no,NA,NA
wp034r007,no,yes,no,NA,NA
wp034r008,yes,yes,yes,IN,CN
wp034r009,no,yes,no,NA,NA
wp034r010,yes,yes,no,NA,NA
wp034r011,no,no,no,NA,NA
wp034r012,no,yes,no,NA,NA
wp034r013,no,yes,no,NA,NA
wp034r014,no,no,no,NA,NA
wp034r015,no,no,no,NA,NA
wp034r016,no,no,no,NA,NA
wp034r017,no,no,no,NA,NA
wp034r018,yes,yes,no,NA,NA
wp034r019,no,yes,no,NA,NA
wp034r020,yes,yes,no,NA,NA
wp036r001,no,yes,no,NA,NA
wp036r002,no,yes,no,NA,NA
wp036r003,no,yes,no,NA,NA
wp036r004,no,yes,no,NA,NA
wp036r005,no,yes,no,NA,NA
wp036r006,no,yes,no,NA,NA
wp036r007,no,yes,no,NA,NA
wp036r008,no,yes,no,NA,NA
wp036r009,no,yes,no,NA,NA
wp036r010,no,yes,no,NA,NA
wp036r011,no,yes,no,NA,NA
wp036r012,no,no,no,NA,NA
wp036r013,no,yes,no,NA,NA
wp036r014,no,no,no,NA,NA
wp036r015,no,yes,no,NA,NA
wp036r016,no,yes,no,NA,NA
wp036r017,no,yes,no,NA,NA
wp036r018,no,yes,no,NA,NA
wp036r019,no,yes,no,NA,NA
wp036r020,no,no,no,NA,NA
wp037r001,no,yes,no,NA,NA
wp037r002,no,yes,no,NA,NA
wp037r003,yes,yes,yes,IN,UNKNOWN
wp037r004,yes,yes,yes,UNKNOWN,UNKNOWN
wp037r005,yes,yes,yes,IN,UNKNOWN
wp037r006,no,yes,no,NA,NA
wp037r007,no,yes,no,NA,NA
wp037r008,no,yes,no,NA,NA
wp037r009,no,yes,no,NA,NA
wp037r010,yes,yes,no,NA,NA
wp037r011,no,no,no,NA,NA
wp037r012,no,no,no,NA,NA
wp037r013,yes,no,no,NA,NA
wp037r014,no,no,no,NA,NA
wp037r015,no,no,no,NA,NA
wp037r016,no,no,no,NA,NA
wp037r017,no,yes,no,NA,NA
wp037r018,no,no,no,NA,NA
wp037r019,yes,yes,no,NA,NA
wp037r020,no,yes,no,NA,NA
wp038r001,no,yes,no,NA,NA
wp038r002,no,yes,no,NA,NA
wp038r003,yes,yes,yes,UNKNOWN,EN
wp038r004,no,no,no,NA,NA
wp038r005,no,no,no,NA,NA
wp038r006,no,yes,no,NA,NA
wp038r007,no,yes,no,NA,NA
wp038r008,no,no,no,NA,NA
wp038r009,yes,yes,yes,UNKNOWN,EN
wp038r010,no,no,no,NA,NA
wp038r011,yes,yes,yes,UNKNOWN,EN
wp038r012,yes,yes,no,NA,NA
wp038r013,no,no,no,NA,NA
wp038r014,yes,yes,yes,UNKNOWN,EN
wp038r015,no,no,no,NA,NA
wp038r016,yes,no,no,NA,NA
wp038r017,yes,yes,yes,IN,CN
wp038r018,no,yes,no,NA,NA
wp038r019,yes,yes,no,NA,NA
wp038r020,no,yes,no,NA,NA
wp039r001,no,yes,no,NA,NA
wp039r002,no,yes,no,NA,NA
wp039r003,yes,yes,yes,IN,CN
wp039r004,yes,yes,no,NA,NA
wp039r005,yes,yes,no,NA,NA
wp039r006,no,no,no,NA,NA
wp039r007,no,no,no,NA,NA
wp039r008,no,no,no,NA,NA
wp039r009,yes,yes,yes,IN,UNKNOWN
wp039r010,yes,yes,yes,IN,EN
wp039r011,no,no,no,NA,NA
wp039r012,no,no,no,NA,NA
wp039r013,no,no,no,NA,NA
wp039r014,no,no,no,NA,NA
wp039r015,no,no,no,NA,NA
wp039r016,no,no,no,NA,NA
wp039r017,no,no,no,NA,NA
wp039r018,yes,yes,yes,UNKNOWN,UNKNOWN
wp039r019,no,no,no,NA,NA
wp039r020,no,no,no,NA,NA
wp040r001,no,yes,no,NA,NA
wp040r002,no,yes,no,NA,NA
wp040r003,no,yes,no,NA,NA
wp040r004,yes,yes,yes,IN,EN
wp040r005,no,no,no,NA,NA
wp040r006,yes,yes,yes,IN,EN
wp040r007,yes,yes,yes,IN,EN
wp040r008,no,yes,no,NA,NA
wp040r009,no,no,no,NA,NA
wp040r010,no,no,no,NA,NA
wp040r011,no,no,no,NA,NA
wp040r012,yes,yes,yes,IN,UNKNOWN
wp040r013,no,yes,no,NA,NA
wp040r014,no,yes,no,NA,NA
wp040r015,no,yes,no,NA,NA
wp040r016,yes,yes,yes,IN,EN
wp040r017,no,no,no,NA,NA
wp040r018,no,yes,no,NA,NA
wp040r019,no,yes,no,NA,NA
wp040r020,no,yes,no,NA,NA
wp041r001,no,yes,no,NA,NA
wp041r002,no,yes,no,NA,NA
wp041r003,no,yes,no,NA,NA
wp041r004,no,yes,no,NA,NA
wp041r005,no,yes,no,NA,NA
wp041r006,no,yes,no,NA,NA
wp041r007,no,yes,no,NA,NA
wp041r008,no,yes,no,NA,NA
wp041r009,no,yes,no,NA,NA
wp041r010,no,yes,no,NA,NA
wp041r011,no,no,no,NA,NA
wp041r012,no,no,no,NA,NA
wp041r013,no,no,no,NA,NA
wp041r014,no,no,no,NA,NA
wp041r015,no,no,no,NA,NA
wp041r016,no,no,no,NA,NA
wp041r017,yes,yes,no,NA,NA
wp041r018,yes,yes,no,NA,NA
wp041r019,no,no,no,NA,NA
wp041r020,no,no,no,NA,NA
wp042r001,yes,yes,no,NA,NA
wp042r002,no,yes,no,NA,NA
wp042r003,yes,yes,yes,IN,EN
wp042r004,no,no,no,NA,NA
wp042r005,yes,no,no,NA,NA
wp042r006,no,yes,no,NA,NA
wp042r007,no,no,no,NA,NA
wp042r008,no,yes,no,NA,NA
wp042r009,no,yes,no,NA,NA
wp042r010,no,yes,yes,IN,EN
wp042r011,no,no,no,NA,NA
wp042r012,no,no,no,NA,NA
wp042r013,no,yes,no,NA,NA
wp042r014,no,yes,no,NA,NA
wp042r015,no,no,no,NA,NA
wp042r016,no,no,no,NA,NA
wp042r017,yes,no,no,NA,NA
wp042r018,no,no,no,NA,NA
wp042r019,no,yes,no,NA,NA
wp042r020,no,no,no,NA,NA
wp043r001,no,yes,no,NA,NA
wp043r002,yes,yes,yes,IN,UNKNOWN
wp043r003,yes,yes,yes,IN,CN
wp043r004,no,yes,no,NA,NA
wp043r005,yes,yes,yes,IN,EN
wp043r006,yes,yes,yes,IN,UNKNOWN
wp043r007,yes,yes,no,NA,NA
wp043r008,no,yes,no,NA,NA
wp043r009,yes,yes,yes,IN,EN
wp043r010,yes,yes,yes,IN,EN
wp043r011,no,no,no,NA,NA
wp043r012,no,no,no,NA,NA
wp043r013,no,no,no,NA,NA
wp043r014,no,no,no,NA,NA
wp043r015,no,no,no,NA,NA
wp043r016,no,no,no,NA,NA
wp043r017,yes,no,no,NA,NA
wp043r018,no,no,no,NA,NA
wp043r019,yes,yes,yes,TUMBLR,EN
wp043r020,no,no,no,NA,NA
wp045r001,no,no,no,NA,NA
wp045r002,no,yes,no,NA,NA
wp045r003,no,no,no,NA,NA
wp045r004,yes,yes,yes,IN,CN
wp045r005,no,yes,yes,IN,CN
wp045r006,yes,yes,no,NA,NA
wp045r007,yes,yes,no,NA,NA
wp045r008,yes,yes,yes,IN,EN
wp045r009,yes,yes,no,NA,NA
wp045r010,yes,yes,yes,IN,CN
wp045r011,no,no,no,NA,NA
wp045r012,no,no,no,NA,NA
wp045r013,yes,yes,yes,IN,UNKNOWN
wp045r014,no,no,no,NA,NA
wp045r015,no,no,no,NA,NA
wp045r016,no,no,no,NA,NA
wp045r017,no,no,no,NA,NA
wp045r018,no,no,no,NA,NA
wp045r019,no,yes,no,NA,NA
wp045r020,no,no,no,NA,NA
wp046r001,no,yes,no,NA,NA
wp046r002,yes,yes,yes,UNKNOWN,UNKNOWN
wp046r003,no,yes,no,NA,NA
wp046r004,yes,yes,no,NA,NA
wp046r005,no,no,no,NA,NA
wp046r006,yes,yes,yes,TUMBLR,EN
wp046r007,no,yes,no,NA,NA
wp046r008,no,yes,no,NA,NA
wp046r009,no,no,no,NA,NA
wp046r010,no,yes,no,NA,NA
wp046r011,no,yes,no,NA,NA
wp046r012,no,yes,yes,UNKNOWN,UNKNOWN
wp046r013,no,no,no,NA,NA
wp046r014,no,yes,no,NA,NA
wp046r015,no,no,no,NA,NA
wp046r016,no,yes,no,NA,NA
wp046r017,no,yes,no,NA,NA
wp046r018,no,yes,no,NA,NA
wp046r019,no,yes,no,NA,NA
wp046r020,no,yes,no,NA,NA
wp047r001,no,yes,no,NA,NA
wp047r002,yes,yes,yes,IN,EN
wp047r003,no,yes,no,NA,NA
wp047r004,yes,yes,no,NA,NA
wp047r005,no,yes,no,NA,NA
wp047r006,yes,yes,yes,IN,UNKNOWN
wp047r007,yes,yes,no,NA,NA
wp047r008,yes,yes,no,NA,NA
wp047r009,yes,yes,no,NA,NA
wp047r010,yes,yes,yes,TUMBLR,CN
wp047r011,no,no,no,NA,NA
wp047r012,yes,yes,yes,TUMBLR,CN
wp047r013,no,no,no,NA,NA
wp047r014,yes,yes,yes,IN,UNKNOWN
wp047r015,no,no,no,NA,NA
wp047r016,no,no,no,NA,NA
wp047r017,no,yes,no,NA,NA
wp047r018,no,no,no,NA,NA
wp047r019,no,no,no,NA,NA
wp047r020,yes,yes,yes,IN,CN
wp048r001,yes,yes,no,NA,NA
wp048r002,yes,yes,yes,TUMBLR,CN
wp048r003,no,yes,no,NA,NA
wp048r004,no,yes,no,NA,NA
wp048r005,no,yes,no,NA,NA
wp048r006,yes,yes,yes,IN,EN
wp048r007,no,yes,no,NA,NA
wp048r008,yes,yes,yes,IN,UNKNOWN
wp048r009,no,yes,no,NA,NA
wp048r010,no,yes,no,NA,NA
wp048r011,no,yes,yes,TUMBLR,EN
wp048r012,no,yes,no,NA,NA
wp048r013,no,no,no,NA,NA
wp048r014,no,yes,no,NA,NA
wp048r015,no,no,no,NA,NA
wp048r016,no,no,no,NA,NA
wp048r017,yes,yes,no,NA,NA
wp048r018,no,yes,no,NA,NA
wp048r019,no,yes,no,NA,NA
wp048r020,yes,yes,yes,IN,CN
wp049r001,no,yes,no,NA,NA
wp049r002,no,yes,no,NA,NA
wp049r003,yes,yes,no,NA,NA
wp049r004,no,yes,no,NA,NA
wp049r005,no,yes,no,NA,NA
wp049r006,no,yes,no,NA,NA
wp049r007,yes,yes,yes,IN,CN
wp049r008,no,no,no,NA,NA
wp049r009,yes,yes,yes,TUMBLR,CN
wp049r010,yes,yes,yes,IN,EN
wp049r011,no,no,no,NA,NA
wp049r012,no,no,no,NA,NA
wp049r013,no,no,no,NA,NA
wp049r014,no,no,no,NA,NA
wp049r015,no,no,no,NA,NA
wp049r016,no,no,no,NA,NA
wp049r017,no,no,no,NA,NA
wp049r018,no,no,no,NA,NA
wp049r019,yes,yes,yes,IN,EN
wp049r020,yes,yes,yes,IN,EN
wp050r001,yes,yes,no,NA,NA
wp050r002,yes,yes,yes,UNKNOWN,UNKNOWN
wp050r003,no,no,no,NA,NA
wp050r004,yes,yes,yes,IN,CN
wp050r005,no,no,no,NA,NA
wp050r006,yes,no,no,NA,NA
wp050r007,yes,yes,yes,IN,CN
wp050r008,yes,yes,yes,IN,CN
wp050r009,no,no,no,NA,NA
wp050r010,no,no,no,NA,NA
wp050r011,no,no,no,NA,NA
wp050r012,no,no,no,NA,NA
wp050r013,no,no,no,NA,NA
wp050r014,no,no,no,NA,NA
wp050r015,no,no,no,NA,NA
wp050r016,no,no,no,NA,NA
wp050r017,yes,yes,yes,IN,CN
wp050r018,no,no,no,NA,NA
wp050r019,no,no,no,NA,NA
wp050r020,no,no,no,NA,NA
wp051r001,yes,yes,yes,TUMBLR,EN
wp051r002,yes,yes,yes,TUMBLR,EN
wp051r003,no,no,no,NA,NA
wp053r001,yes,yes,yes,TUMBLR,EN
wp053r002,yes,yes,yes,TUMBLR,EN
wp054r001,no,no,no,NA,NA
wp054r002,no,no,no,NA,NA
wp054r003,no,no,no,NA,NA
wp055r001,no,no,no,NA,NA
wp055r002,no,no,no,NA,NA
wp055r003,no,yes,no,NA,NA
wp055r004,yes,no,no,NA,NA
wp055r005,no,no,no,NA,NA
wp056r001,yes,yes,yes,UNKNOWN,UNKNOWN
wp056r002,yes,yes,yes,IN,CN
wp056r003,yes,yes,yes,UNKNOWN,EN
wp056r004,yes,yes,yes,IN,CN
wp056r005,no,no,no,NA,NA
wp056r006,no,no,no,NA,NA
wp057r001,no,no,no,NA,NA
wp057r002,no,no,no,NA,NA
wp058r001,yes,yes,no,NA,NA
wp058r002,no,no,no,NA,NA
wp058r003,no,no,no,NA,NA
wp059r001,no,no,no,NA,NA
wp059r002,no,no,no,NA,NA
wp059r003,no,no,no,NA,NA
wp059r004,yes,yes,yes,IN,CN
wp059r005,no,yes,no,NA,NA
wp059r006,no,yes,no,NA,NA
wp059r007,no,no,no,NA,NA
wp060r001,yes,yes,yes,IN,CN
wp060r002,no,no,no,NA,NA
wp061r001,yes,yes,yes,TUMBLR,EN
wp061r002,yes,yes,no,NA,NA
wp061r003,yes,yes,no,NA,NA
wp061r004,yes,yes,yes,TUMBLR,CN
wp061r005,yes,yes,yes,TUMBLR,EN
wp061r006,no,yes,no,NA,NA
wp061r007,yes,yes,no,NA,NA
wp061r008,yes,yes,no,NA,NA
wp061r009,yes,yes,no,NA,NA
wp061r010,yes,yes,no,NA,NA
wp061r011,yes,yes,no,NA,NA
wp061r012,yes,yes,no,NA,NA
wp061r013,yes,yes,no,NA,NA
wp061r014,yes,yes,no,NA,NA
wp061r015,yes,yes,yes,IN,EN
wp061r016,yes,yes,yes,TUMBLR,CN
wp061r017,yes,yes,no,NA,NA
wp061r018,no,no,no,NA,NA
wp061r019,yes,yes,yes,IN,CN
wp061r020,yes,yes,no,NA,NA
wp062r001,no,yes,yes,UNKNOWN,EN
wp062r002,yes,yes,no,NA,NA
wp062r003,yes,yes,no,NA,NA
wp062r004,yes,yes,yes,IN,CN
wp062r005,yes,no,no,NA,NA
wp062r006,no,no,no,NA,NA
wp063r001,no,yes,no,NA,NA
wp063r002,no,yes,no,NA,NA
wp063r003,no,yes,no,NA,NA
wp063r004,no,yes,no,NA,NA
wp063r005,no,yes,no,NA,NA
wp063r006,no,yes,no,NA,NA
wp063r007,yes,yes,yes,IN,CN
wp063r008,yes,yes,yes,TUMBLR,CN
wp063r009,no,no,no,NA,NA
wp064r001,no,no,no,NA,NA
wp064r002,no,no,no,NA,NA
wp065r001,no,yes,no,NA,NA
wp065r002,no,yes,no,NA,NA
wp065r003,no,yes,no,NA,NA
wp065r004,no,yes,no,NA,NA
wp065r005,no,yes,no,NA,NA
wp065r006,no,no,no,NA,NA
wp066r001,yes,yes,yes,UNKNOWN,EN
wp066r002,no,no,no,NA,NA
wp066r003,no,no,no,NA,NA
wp067r001,no,no,no,NA,NA
wp067r002,yes,yes,no,NA,NA
wp067r003,no,no,no,NA,NA
wp068r001,yes,yes,no,NA,NA
wp068r002,yes,yes,no,NA,NA
wp068r003,yes,yes,no,NA,NA
wp068r004,yes,no,no,NA,NA
wp068r005,no,no,no,NA,NA
wp069r001,no,yes,no,NA,NA
wp069r002,no,yes,no,NA,NA
wp069r003,yes,yes,no,NA,NA
wp069r004,yes,yes,no,NA,NA
wp069r005,yes,yes,no,NA,NA
wp069r006,no,no,no,NA,NA
wp072r001,yes,yes,no,NA,NA
wp072r002,yes,yes,no,NA,NA
wp072r003,yes,yes,no,NA,NA
wp073r001,no,yes,no,NA,NA
wp073r002,yes,yes,yes,IN,UNKNOWN
wp074r001,yes,yes,no,NA,NA
wp074r002,yes,yes,no,NA,NA
wp074r003,no,no,no,NA,NA
wp075r001,yes,yes,yes,IN,EN
wp076r001,no,no,no,NA,NA
wp077r001,yes,yes,no,NA,NA
wp079r001,yes,yes,yes,IN,CN
wp079r002,no,no,no,NA,NA
wp081r001,yes,yes,yes,TUMBLR,CN
wp083r001,yes,yes,no,NA,NA
wp083r002,yes,yes,no,NA,NA
wp083r003,yes,yes,no,NA,NA
wp084r001,yes,yes,no,NA,NA
wp086r001,no,no,no,NA,NA
wp088r001,no,no,no,NA,NA
wp090r001,yes,yes,no,NA,NA
wp093r001,yes,yes,no,NA,NA
wp094r001,yes,yes,no,NA,NA
wp098r001,yes,yes,yes,TUMBLR,CN
wp098r002,no,no,no,NA,NA
wp098r003,yes,yes,no,NA,NA
wp098r004,no,no,no,NA,NA
wp100r001,yes,yes,yes,TUMBLR,EN
wp101r001,no,no,no,NA,NA
wp102r001,yes,yes,no,NA,NA
wp103r001,yes,yes,yes,UNKNOWN,EN
wp103r002,no,no,no,NA,NA
wp104r001,no,no,no,NA,NA
wp104r002,no,no,no,NA,NA
wp105r001,no,no,no,NA,NA
wp105r002,no,no,no,NA,NA
wp105r003,yes,yes,yes,IN,CN
wp106r001,no,no,no,NA,NA
wp106r002,no,no,no,NA,NA
wp106r003,no,no,no,NA,NA
wp106r004,no,no,no,NA,NA
wp107r001,no,no,no,NA,NA
wp107r002,no,yes,no,NA,NA
wp108r001,no,no,no,NA,NA
wp108r002,no,no,no,NA,NA
wp109r001,no,no,no,NA,NA
wp110r001,no,no,no,NA,NA
wp111r001,no,no,no,NA,NA
wp111r002,no,no,no,NA,NA
wp112r001,no,no,no,NA,NA
wp113r001,no,no,no,NA,NA
wp113r002,no,no,no,NA,NA
wp114r001,no,no,no,NA,NA
wp115r001,no,no,no,NA,NA
wp116r001,no,no,no,NA,NA
wp116r002,no,no,no,NA,NA
wp117r001,no,no,no,NA,NA
wp117r002,no,no,no,NA,NA
wp118r001,no,no,no,NA,NA
wp119r001,no,no,no,NA,NA
wp120r001,no,yes,no,NA,NA
wp121r001,no,no,no,NA,NA
wp121r002,no,no,no,NA,NA
wp121r003,no,no,no,NA,NA
wp121r004,yes,yes,yes,IN,CN
wp122r001,yes,yes,yes,UNKNOWN,EN
wp124r001,no,no,no,NA,NA
wp125r001,no,yes,no,NA,NA
wp125r002,no,no,no,NA,NA
wp125r003,no,no,no,NA,NA
wp126r001,yes,no,no,NA,NA
wp127r001,no,yes,no,NA,NA
wp127r002,no,no,no,NA,NA
wp127r003,no,yes,no,NA,NA
wp127r004,no,no,no,NA,NA
wp127r005,no,no,no,NA,NA
wp128r001,no,yes,no,NA,NA
wp130r001,no,no,no,NA,NA
wp130r002,no,no,no,NA,NA
wp134r001,no,no,no,NA,NA
wp135r001,no,no,no,NA,NA
wp138r001,no,no,no,NA,NA
wp138r002,no,no,no,NA,NA
wp138r003,no,no,no,NA,NA
wp139r001,no,no,no,NA,NA
wp140r001,yes,yes,yes,TUMBLR,CN
wp141r001,yes,yes,yes,IN,EN
wp152r001,no,no,no,NA,NA
wp152r002,no,no,no,NA,NA
wp152r003,no,no,no,NA,NA
wp152r004,no,no,no,NA,NA
wp152r005,no,no,no,NA,NA
wp152r006,no,no,no,NA,NA
wp152r007,no,no,no,NA,NA
wp152r008,no,no,no,NA,NA
wp152r009,no,no,no,NA,NA
wp152r010,no,no,no,NA,NA
wp152r011,no,no,no,NA,NA
wp152r012,no,no,no,NA,NA
wp152r013,no,no,no,NA,NA
wp152r014,no,no,no,NA,NA
wp152r015,no,no,no,NA,NA
wp152r016,no,no,no,NA,NA
wp152r017,no,no,no,NA,NA
wp152r018,no,no,no,NA,NA
wp152r019,no,no,no,NA,NA
wp152r020,no,no,no,NA,NA
wp154r001,no,no,no,NA,NA
wp155r001,no,no,no,NA,NA
wp155r002,no,no,no,NA,NA
wp155r003,no,yes,no,NA,NA
wp155r004,no,no,no,NA,NA
wp155r005,no,yes,no,NA,NA
wp155r006,no,yes,no,NA,NA
wp155r007,no,no,no,NA,NA
wp155r008,no,no,no,NA,NA
wp155r009,no,no,no,NA,NA
wp155r010,no,no,no,NA,NA
wp155r011,no,no,no,NA,NA
wp155r012,no,no,no,NA,NA
wp155r013,no,no,no,NA,NA
wp155r014,no,no,no,NA,NA
wp155r015,no,no,no,NA,NA
wp155r016,no,no,no,NA,NA
wp155r017,no,no,no,NA,NA
wp155r018,no,no,no,NA,NA
wp155r019,no,no,no,NA,NA
wp155r020,no,no,no,NA,NA
wp156r001,no,no,no,NA,NA
wp156r002,no,no,no,NA,NA
wp156r003,no,no,no,NA,NA
wp156r004,no,no,no,NA,NA
wp156r005,no,no,no,NA,NA
wp156r006,yes,no,no,NA,NA
wp156r007,no,no,no,NA,NA
wp156r008,no,no,no,NA,NA
wp156r009,no,no,no,NA,NA
wp156r010,yes,no,no,NA,NA
wp156r011,no,no,no,NA,NA
wp156r012,no,no,no,NA,NA
wp156r013,no,no,no,NA,NA
wp156r014,no,no,no,NA,NA
wp156r015,no,no,no,NA,NA
wp156r016,no,no,no,NA,NA
wp156r017,no,no,no,NA,NA
wp156r018,no,no,no,NA,NA
wp156r019,yes,no,no,NA,NA
wp156r020,yes,no,no,NA,NA
wp157r001,no,no,no,NA,NA
wp157r002,no,no,no,NA,NA
wp157r003,yes,no,no,NA,NA
wp157r004,yes,no,no,NA,NA
wp157r005,no,no,no,NA,NA
wp157r006,no,no,no,NA,NA
wp157r007,yes,no,no,NA,NA
wp157r008,no,no,no,NA,NA
wp157r009,no,no,no,NA,NA
wp157r010,no,no,no,NA,NA
wp157r011,no,no,no,NA,NA
wp157r012,no,no,no,NA,NA
wp157r013,no,no,no,NA,NA
wp157r014,no,no,no,NA,NA
wp157r015,no,no,no,NA,NA
wp157r016,no,no,no,NA,NA
wp157r017,no,no,no,NA,NA
wp157r018,no,no,no,NA,NA
wp157r019,no,no,no,NA,NA
wp157r020,no,no,no,NA,NA
wp158r001,yes,no,no,NA,NA
wp158r002,no,no,no,NA,NA
wp158r003,yes,no,no,NA,NA
wp158r004,no,no,no,NA,NA
wp158r005,no,no,no,NA,NA
wp158r006,no,no,no,NA,NA
wp158r007,no,no,no,NA,NA
wp158r008,no,no,no,NA,NA
wp158r009,no,no,no,NA,NA
wp158r010,no,no,no,NA,NA
wp158r011,yes,no,no,NA,NA
wp158r012,no,no,no,NA,NA
wp158r013,no,no,no,NA,NA
wp158r014,no,no,no,NA,NA
wp158r015,no,no,no,NA,NA
wp158r016,no,no,no,NA,NA
wp158r017,no,no,no,NA,NA
wp158r018,no,no,no,NA,NA
wp158r019,no,no,no,NA,NA
wp158r020,yes,no,no,NA,NA
wp161r001,yes,yes,no,NA,NA
wp161r002,yes,yes,no,NA,NA
wp161r003,yes,yes,no,NA,NA
wp161r004,no,no,no,NA,NA
wp161r005,no,no,no,NA,NA
wp161r006,no,no,no,NA,NA
wp161r007,yes,yes,no,NA,NA
wp161r008,no,no,no,NA,NA
wp161r009,no,no,no,NA,NA
wp161r010,no,no,no,NA,NA
wp161r011,no,no,no,NA,NA
wp161r012,no,no,no,NA,NA
wp161r013,no,no,no,NA,NA
wp161r014,no,no,no,NA,NA
wp161r015,no,no,no,NA,NA
wp161r016,no,no,no,NA,NA
wp161r017,no,no,no,NA,NA
wp161r018,no,no,no,NA,NA
wp161r019,no,yes,no,NA,NA
wp161r020,no,yes,no,NA,NA
wp162r001,no,no,no,NA,NA
wp162r002,no,no,no,NA,NA
wp162r003,no,no,no,NA,NA
wp162r004,no,no,no,NA,NA
wp162r005,no,no,no,NA,NA
wp162r006,no,no,no,NA,NA
wp162r007,no,no,no,NA,NA
wp162r008,no,no,no,NA,NA
wp162r009,no,no,no,NA,NA
wp162r010,no,no,no,NA,NA
wp162r011,no,no,no,NA,NA
wp162r012,no,no,no,NA,NA
wp162r013,no,no,no,NA,NA
wp163r001,no,no,no,NA,NA
wp163r002,no,no,no,NA,NA
wp163r003,no,no,no,NA,NA
wp163r004,no,no,no,NA,NA
wp163r005,no,no,no,NA,NA
wp163r006,no,no,no,NA,NA
wp163r007,no,no,no,NA,NA
wp163r008,yes,yes,yes,IN,EN
wp163r009,yes,yes,no,NA,NA
wp163r010,no,yes,no,NA,NA
wp163r011,no,no,no,NA,NA
wp163r012,no,no,no,NA,NA
wp163r013,no,no,no,NA,NA
wp163r014,no,no,no,NA,NA
wp163r015,no,no,no,NA,NA
wp163r016,no,no,no,NA,NA
wp163r017,no,no,no,NA,NA
wp163r018,no,no,no,NA,NA
wp163r019,no,no,no,NA,NA
wp163r020,yes,yes,yes,IN,CN
wp166r001,yes,no,no,NA,NA
wp166r002,no,no,no,NA,NA
wp166r003,yes,no,no,NA,NA
wp166r004,no,no,no,NA,NA
wp166r005,no,no,no,NA,NA
wp166r006,yes,no,no,NA,NA
wp166r007,no,no,no,NA,NA
wp166r008,no,no,no,NA,NA
wp166r009,no,no,no,NA,NA
wp166r010,yes,no,no,NA,NA
wp166r011,yes,no,no,NA,NA
wp166r012,no,no,no,NA,NA
wp166r013,no,no,no,NA,NA
wp166r014,no,no,no,NA,NA
wp166r015,no,no,no,NA,NA
wp166r016,yes,no,no,NA,NA
wp166r017,no,no,no,NA,NA
wp166r018,no,no,no,NA,NA
wp166r019,no,no,no,NA,NA
wp166r020,yes,no,no,NA,NA
wp167r001,yes,no,no,NA,NA
wp167r002,yes,no,no,NA,NA
wp167r003,yes,yes,no,NA,NA
wp167r004,yes,no,no,NA,NA
wp167r005,yes,no,no,NA,NA
wp167r006,yes,no,no,NA,NA
wp167r007,yes,no,no,NA,NA
wp167r008,no,no,no,NA,NA
wp167r009,yes,no,no,NA,NA
wp167r010,yes,no,no,NA,NA
wp167r011,no,no,no,NA,NA
wp167r012,yes,no,no,NA,NA
wp167r013,no,no,no,NA,NA
wp167r014,yes,no,no,NA,NA
wp167r015,yes,no,no,NA,NA
wp167r016,no,no,no,NA,NA
wp167r017,no,no,no,NA,NA
wp167r018,no,no,no,NA,NA
wp167r019,no,no,no,NA,NA
wp167r020,yes,no,no,NA,NA
wp168r001,no,no,no,NA,NA
wp168r002,no,yes,yes,UNKNOWN,UNKNOWN
wp168r003,no,no,no,NA,NA
wp168r004,no,no,no,NA,NA
wp168r005,no,no,no,NA,NA
wp168r006,no,no,no,NA,NA
wp168r007,no,no,no,NA,NA
wp168r008,no,no,no,NA,NA
wp168r009,no,no,no,NA,NA
wp168r010,no,no,no,NA,NA
wp168r011,no,no,no,NA,NA
wp168r012,no,no,no,NA,NA
wp168r013,no,no,no,NA,NA
wp168r014,no,no,no,NA,NA
wp168r015,no,no,no,NA,NA
wp168r016,no,no,no,NA,NA
wp168r017,no,no,no,NA,NA
wp168r018,no,no,no,NA,NA
wp168r019,no,no,no,NA,NA
wp168r020,no,no,no,NA,NA
wp173r001,yes,yes,yes,IN,EN
wp173r002,no,no,no,NA,NA
wp173r003,no,no,no,NA,NA
wp173r004,no,no,no,NA,NA
wp173r005,no,no,no,NA,NA
wp173r006,no,no,no,NA,NA
wp173r007,no,no,no,NA,NA
wp173r008,no,no,no,NA,NA
wp173r009,no,no,no,NA,NA
wp173r010,no,no,no,NA,NA
wp173r011,no,yes,no,NA,NA
wp173r012,no,no,no,NA,NA
wp173r013,no,no,no,NA,NA
wp173r014,no,no,no,NA,NA
wp173r015,no,no,no,NA,NA
wp173r016,no,no,no,NA,NA
wp173r017,no,yes,no,NA,NA
wp173r018,no,no,no,NA,NA
wp173r019,no,no,no,NA,NA
wp173r020,no,no,no,NA,NA
wp175r001,no,no,no,NA,NA
wp175r002,no,no,no,NA,NA
wp175r003,no,no,no,NA,NA
wp175r004,no,no,no,NA,NA
wp175r005,no,no,no,NA,NA
wp175r006,no,no,no,NA,NA
wp175r007,no,no,no,NA,NA
wp175r008,no,no,no,NA,NA
wp175r009,no,no,no,NA,NA
wp175r010,no,no,no,NA,NA
wp175r011,no,no,no,NA,NA
wp175r012,no,no,no,NA,NA
wp175r013,no,no,no,NA,NA
wp175r014,no,no,no,NA,NA
wp175r015,no,no,no,NA,NA
wp175r016,no,no,no,NA,NA
wp175r017,no,no,no,NA,NA
wp175r018,no,no,no,NA,NA
wp175r019,yes,yes,yes,IN,CN
wp175r020,no,no,no,NA,NA
wp176r001,no,no,no,NA,NA
wp176r002,no,no,no,NA,NA
wp176r003,no,no,no,NA,NA
wp176r004,no,no,no,NA,NA
wp176r005,no,no,no,NA,NA
wp176r006,no,no,no,NA,NA
wp176r007,no,no,no,NA,NA
wp176r008,no,no,no,NA,NA
wp176r009,no,no,no,NA,NA
wp176r010,no,no,no,NA,NA
wp176r011,no,no,no,NA,NA
wp176r012,no,no,no,NA,NA
wp176r013,no,no,no,NA,NA
wp176r014,no,no,no,NA,NA
wp176r015,no,no,no,NA,NA
wp176r016,no,no,no,NA,NA
wp176r017,no,no,no,NA,NA
wp176r018,no,no,no,NA,NA
wp176r019,no,no,no,NA,NA
wp176r020,yes,yes,yes,IN,CN
wp177r001,yes,yes,no,NA,NA
wp177r002,yes,yes,no,NA,NA
wp177r003,yes,yes,no,NA,NA
wp177r004,yes,yes,no,NA,NA
wp177r005,no,no,no,NA,NA
wp177r006,yes,yes,no,NA,NA
wp177r007,no,no,no,NA,NA
wp177r008,no,no,no,NA,NA
wp177r009,no,no,no,NA,NA
wp177r010,no,no,no,NA,NA
wp180r001,yes,no,no,NA,NA
wp180r002,no,no,no,NA,NA
wp180r003,yes,no,no,NA,NA
wp180r004,no,no,no,NA,NA
wp180r005,yes,no,no,NA,NA
wp180r006,no,no,no,NA,NA
wp180r007,no,no,no,NA,NA
wp180r008,yes,no,no,NA,NA
wp180r009,yes,no,no,NA,NA
wp180r010,no,no,no,NA,NA
wp180r011,yes,no,no,NA,NA
wp180r012,no,no,no,NA,NA
wp180r013,no,no,no,NA,NA
wp180r014,no,no,no,NA,NA
wp180r015,no,no,no,NA,NA
wp180r016,yes,no,no,NA,NA
wp180r017,yes,no,no,NA,NA
wp180r018,yes,no,no,NA,NA
wp180r019,no,no,no,NA,NA
wp180r020,no,no,no,NA,NA
wp185r001,no,no,no,NA,NA
wp185r002,no,no,no,NA,NA
wp185r003,yes,no,no,NA,NA
wp185r004,no,no,no,NA,NA
wp185r005,no,no,no,NA,NA
wp185r006,yes,no,no,NA,NA
wp185r007,yes,no,no,NA,NA
wp185r008,no,no,no,NA,NA
wp185r009,yes,no,no,NA,NA
wp185r010,no,no,no,NA,NA
wp185r011,no,no,no,NA,NA
wp185r012,no,no,no,NA,NA
wp185r013,no,no,no,NA,NA
wp185r014,yes,no,no,NA,NA
wp185r015,yes,no,no,NA,NA
wp185r016,yes,no,no,NA,NA
wp185r017,yes,no,no,NA,NA
wp185r018,no,no,no,NA,NA
wp185r019,no,no,no,NA,NA
wp185r020,no,no,no,NA,NA
wp189r001,no,no,no,NA,NA
wp189r002,no,no,no,NA,NA
wp189r003,no,no,no,NA,NA
wp189r004,no,no,no,NA,NA
wp189r005,no,no,no,NA,NA
wp189r006,no,no,no,NA,NA
wp189r007,no,no,no,NA,NA
wp189r008,yes,yes,no,NA,NA
wp189r009,no,no,no,NA,NA
wp189r010,no,no,no,NA,NA
wp189r011,no,no,no,NA,NA
wp189r012,yes,yes,yes,IN,CN
wp189r013,yes,yes,no,NA,NA
wp189r014,yes,yes,no,NA,NA
wp189r015,yes,yes,no,NA,NA
wp189r016,yes,yes,no,NA,NA
wp189r017,yes,yes,no,NA,NA
wp189r018,yes,yes,no,NA,NA
wp189r019,yes,yes,no,NA,NA
wp189r020,yes,no,no,NA,NA
wp191r001,no,no,no,NA,NA
wp191r002,no,no,no,NA,NA
wp191r003,no,no,no,NA,NA
wp191r004,yes,yes,yes,IN,EN
wp191r005,no,no,no,NA,NA
wp191r006,no,no,no,NA,NA
wp191r007,no,no,no,NA,NA
wp191r008,no,no,no,NA,NA
wp191r009,no,no,no,NA,NA
wp191r010,no,no,no,NA,NA
wp191r011,no,no,no,NA,NA
wp191r012,yes,yes,yes,TUMBLR,CN
wp191r013,no,no,no,NA,NA
wp191r014,no,no,no,NA,NA
wp191r015,no,no,no,NA,NA
wp191r016,no,no,no,NA,NA
wp191r017,no,no,no,NA,NA
wp191r018,no,no,no,NA,NA
wp191r019,no,no,no,NA,NA
wp191r020,no,no,no,NA,NA
wp193r001,no,no,no,NA,NA
wp193r002,no,no,no,NA,NA
wp193r003,no,no,no,NA,NA
wp193r004,yes,no,no,NA,NA
wp193r005,yes,no,no,NA,NA
wp193r006,yes,no,no,NA,NA
wp193r007,yes,no,no,NA,NA
wp193r008,no,no,no,NA,NA
wp193r009,no,no,no,NA,NA
wp193r010,yes,no,no,NA,NA
wp193r011,no,no,no,NA,NA
wp193r012,no,no,no,NA,NA
wp193r013,yes,yes,yes,TUMBLR,UNKNOWN
wp193r014,no,no,no,NA,NA
wp193r015,yes,no,no,NA,NA
wp193r016,no,no,no,NA,NA
wp193r017,no,no,no,NA,NA
wp193r018,no,no,no,NA,NA
wp193r019,no,no,no,NA,NA
wp193r020,no,no,no,NA,NA
wp194r001,yes,no,no,NA,NA
wp194r002,yes,no,no,NA,NA
wp194r003,no,no,no,NA,NA
wp194r004,yes,no,no,NA,NA
wp194r005,no,no,no,NA,NA
wp194r006,yes,no,no,NA,NA
wp194r007,yes,no,no,NA,NA
wp194r008,no,no,no,NA,NA
wp194r009,yes,no,no,NA,NA
wp194r010,no,no,no,NA,NA
wp196r001,no,no,no,NA,NA
wp196r002,yes,no,no,NA,NA
wp196r003,yes,no,no,NA,NA
wp196r004,no,no,no,NA,NA
wp196r005,no,no,no,NA,NA
wp196r006,yes,no,no,NA,NA
wp196r007,no,no,no,NA,NA
wp196r008,yes,no,no,NA,NA
wp196r009,no,no,no,NA,NA
wp196r010,yes,no,no,NA,NA
wp196r011,no,no,no,NA,NA
wp196r012,yes,no,no,NA,NA
wp196r013,no,no,no,NA,NA
wp196r014,yes,no,no,NA,NA
wp196r015,no,no,no,NA,NA
wp196r016,no,no,no,NA,NA
wp196r017,no,no,no,NA,NA
wp196r018,yes,no,no,NA,NA
wp196r019,yes,no,no,NA,NA
wp196r020,yes,no,no,NA,NA
wp199r001,no,no,no,NA,NA
wp199r002,yes,no,no,NA,NA
wp199r003,yes,no,no,NA,NA
wp199r004,yes,no,no,NA,NA
wp199r005,no,no,no,NA,NA
wp199r006,no,no,no,NA,NA
wp199r007,no,no,no,NA,NA
wp199r008,no,no,no,NA,NA
wp199r009,no,no,no,NA,NA
wp199r010,no,no,no,NA,NA
wp199r011,yes,yes,no,NA,NA
wp199r012,yes,no,no,NA,NA
wp199r013,no,no,no,NA,NA
wp199r014,no,no,no,NA,NA
wp199r015,yes,no,no,NA,NA
wp199r016,yes,no,no,NA,NA
wp199r017,no,no,no,NA,NA
wp199r018,no,no,no,NA,NA
wp199r019,no,no,no,NA,NA
wp199r020,yes,no,no,NA,NA
wp201r001,no,no,no,NA,NA
wp201r002,no,no,no,NA,NA
wp201r003,no,no,no,NA,NA
wp201r004,no,no,no,NA,NA
wp201r005,no,no,no,NA,NA
wp202r001,no,no,no,NA,NA
wp202r002,no,no,no,NA,NA
wp202r003,no,no,no,NA,NA
wp202r004,no,no,no,NA,NA
wp202r005,no,no,no,NA,NA
wp202r006,no,no,no,NA,NA
wp202r007,no,no,no,NA,NA
wp202r008,no,no,no,NA,NA
wp202r009,no,no,no,NA,NA
wp202r010,no,no,no,NA,NA
wp202r011,no,no,no,NA,NA
wp202r012,no,no,no,NA,NA
wp202r013,no,no,no,NA,NA
wp202r014,no,no,no,NA,NA
wp202r015,no,no,no,NA,NA
wp202r016,no,no,no,NA,NA
wp202r017,no,yes,yes,UNKNOWN,UNKNOWN
wp202r018,no,no,no,NA,NA
wp203r001,no,no,no,NA,NA
wp203r002,no,no,no,NA,NA
wp203r003,no,no,no,NA,NA
wp203r004,no,no,no,NA,NA
wp203r005,no,no,no,NA,NA
wp203r006,no,no,no,NA,NA
wp203r007,no,no,no,NA,NA
wp203r008,no,no,no,NA,NA
wp203r009,no,no,no,NA,NA
wp203r010,no,no,no,NA,NA
wp203r011,no,no,no,NA,NA
wp203r012,no,no,no,NA,NA
wp203r013,no,yes,yes,UNKNOWN,UNKNOWN
wp203r014,no,no,no,NA,NA
wp203r015,no,no,no,NA,NA
wp204r001,no,no,no,NA,NA
wp204r002,no,no,no,NA,NA
wp204r003,no,no,no,NA,NA
wp204r004,no,no,no,NA,NA
wp204r005,no,no,no,NA,NA
wp204r006,no,no,no,NA,NA
wp204r007,no,no,no,NA,NA
wp204r008,no,no,no,NA,NA
wp204r009,no,no,no,NA,NA
wp204r010,no,no,no,NA,NA
wp204r011,no,no,no,NA,NA
wp204r012,no,no,no,NA,NA
wp204r013,no,no,no,NA,NA
wp204r014,no,no,no,NA,NA
wp204r015,no,no,no,NA,NA
wp204r016,no,no,no,NA,NA
wp204r017,no,no,no,NA,NA
wp204r018,no,no,no,NA,NA
wp204r019,no,no,no,NA,NA
wp204r020,no,no,no,NA,NA
wp205r001,no,no,no,NA,NA
wp205r002,no,no,no,NA,NA
wp205r003,no,no,no,NA,NA
wp205r004,no,no,no,NA,NA
wp205r005,no,no,no,NA,NA
wp205r006,no,no,no,NA,NA
wp205r007,no,no,no,NA,NA
wp205r008,no,no,no,NA,NA
wp205r009,no,no,no,NA,NA
wp205r010,no,no,no,NA,NA
wp205r011,no,no,no,NA,NA
wp205r012,no,no,no,NA,NA
wp205r013,no,no,no,NA,NA
wp205r014,no,no,no,NA,NA
wp205r015,no,no,no,NA,NA
wp205r016,no,no,no,NA,NA
wp205r017,no,no,no,NA,NA
wp205r018,no,no,no,NA,NA
wp205r019,no,no,no,NA,NA
wp205r020,no,no,no,NA,NA
wp206r001,no,no,no,NA,NA
wp206r002,no,no,no,NA,NA
wp206r003,no,no,no,NA,NA
wp206r004,no,no,no,NA,NA
wp206r005,no,no,no,NA,NA
wp206r006,no,no,no,NA,NA
wp206r007,no,no,no,NA,NA
wp206r008,no,no,no,NA,NA
wp206r009,no,no,no,NA,NA
wp207r001,no,no,no,NA,NA
wp207r002,no,no,no,NA,NA
wp207r003,no,no,no,NA,NA
wp207r004,no,no,no,NA,NA
wp207r005,no,no,no,NA,NA
wp207r006,no,no,no,NA,NA
wp207r007,yes,yes,yes,IN,EN
wp207r008,no,no,no,NA,NA
wp207r009,no,no,no,NA,NA
wp208r001,no,no,no,NA,NA
wp208r002,yes,yes,yes,IN,EN
wp208r003,no,no,no,NA,NA
wp208r004,no,no,no,NA,NA
wp208r005,yes,yes,yes,IN,EN
wp208r006,no,no,no,NA,NA
wp208r007,no,no,no,NA,NA
wp209r001,no,no,no,NA,NA
wp209r002,no,no,no,NA,NA
wp209r003,no,no,no,NA,NA
wp209r004,no,no,no,NA,NA
wp209r005,no,no,no,NA,NA
wp209r006,no,no,no,NA,NA
wp209r007,no,no,no,NA,NA
wp210r001,no,no,no,NA,NA
wp210r002,no,no,no,NA,NA
wp210r003,no,no,no,NA,NA
wp210r004,no,yes,no,NA,NA
wp210r005,yes,yes,yes,IN,EN
wp210r006,no,no,no,NA,NA
wp210r007,yes,yes,yes,IN,EN
wp210r008,no,no,no,NA,NA
wp210r009,no,no,no,NA,NA
wp210r010,no,no,no,NA,NA
wp210r011,no,no,no,NA,NA
wp210r012,no,no,no,NA,NA
wp210r013,no,no,no,NA,NA
wp210r014,no,no,no,NA,NA
wp210r015,no,no,no,NA,NA
wp211r001,no,no,no,NA,NA
wp211r002,no,no,no,NA,NA
wp211r003,no,no,no,NA,NA
wp211r004,no,yes,no,NA,NA
wp211r005,yes,yes,yes,IN,EN
wp211r006,no,no,no,NA,NA
wp211r007,yes,yes,yes,IN,EN
wp211r008,no,no,no,NA,NA
wp211r009,no,no,no,NA,NA
wp211r010,no,no,no,NA,NA
wp211r011,no,no,no,NA,NA
wp211r012,no,no,no,NA,NA
wp211r013,no,no,no,NA,NA
wp211r014,no,no,no,NA,NA
wp211r015,no,no,no,NA,NA
wp212r001,no,no,no,NA,NA
wp212r002,no,no,no,NA,NA
wp212r003,no,no,no,NA,NA
wp212r004,no,no,no,NA,NA
wp212r005,no,no,no,NA,NA
wp212r006,yes,yes,yes,IN,CN
wp213r001,no,no,no,NA,NA
wp213r002,no,no,no,NA,NA
wp213r003,no,no,no,NA,NA
wp213r004,no,no,no,NA,NA
wp213r005,no,no,no,NA,NA
wp213r006,no,no,no,NA,NA
wp214r001,no,no,no,NA,NA
wp214r002,no,no,no,NA,NA
wp214r003,no,no,no,NA,NA
wp214r004,no,no,no,NA,NA
wp214r005,no,no,no,NA,NA
wp215r001,no,no,no,NA,NA
wp215r002,yes,yes,yes,IN,UNKNOWN
wp215r003,no,no,no,NA,NA
wp215r004,no,no,no,NA,NA
wp215r005,no,no,no,NA,NA
wp216r001,no,no,no,NA,NA
wp216r002,no,no,no,NA,NA
wp216r003,no,no,no,NA,NA
wp216r004,no,no,no,NA,NA
wp216r005,no,no,no,NA,NA
wp216r006,no,no,no,NA,NA
wp216r007,no,no,no,NA,NA
wp216r008,no,no,no,NA,NA
wp216r009,no,no,no,NA,NA
wp216r010,no,no,no,NA,NA
wp216r011,no,no,no,NA,NA
wp216r012,no,no,no,NA,NA
wp216r013,yes,yes,yes,IN,UNKNOWN
wp216r014,no,no,no,NA,NA
wp216r015,no,no,no,NA,NA
wp216r016,no,no,no,NA,NA
wp217r001,no,no,no,NA,NA
wp217r002,no,no,no,NA,NA
wp217r003,no,no,no,NA,NA
wp217r004,no,no,no,NA,NA
wp217r005,no,no,no,NA,NA
wp217r006,no,no,no,NA,NA
wp217r007,no,no,no,NA,NA
wp217r008,no,no,no,NA,NA
wp217r009,no,no,no,NA,NA
wp217r010,no,no,no,NA,NA
wp217r011,no,no,no,NA,NA
wp217r012,no,no,no,NA,NA
wp217r013,no,no,no,NA,NA
wp217r014,no,no,no,NA,NA
wp217r015,no,no,no,NA,NA
wp217r016,no,no,no,NA,NA
wp218r001,no,no,no,NA,NA
wp218r002,no,no,no,NA,NA
wp218r003,no,no,no,NA,NA
wp219r001,no,no,no,NA,NA
wp219r002,no,no,no,NA,NA
wp219r003,no,no,no,NA,NA
wp220r001,no,no,no,NA,NA
wp220r002,no,no,no,NA,NA
wp220r003,no,no,no,NA,NA
wp220r004,no,no,no,NA,NA
wp220r005,no,no,no,NA,NA
wp220r006,no,no,no,NA,NA
wp220r007,no,yes,no,NA,NA
wp220r008,no,no,no,NA,NA
wp220r009,no,no,no,NA,NA
wp220r010,no,no,no,NA,NA
wp220r011,no,no,no,NA,NA
wp221r001,no,no,no,NA,NA
wp221r002,no,no,no,NA,NA
wp221r003,no,no,no,NA,NA
wp221r004,no,no,no,NA,NA
wp221r005,no,no,no,NA,NA
wp221r006,no,no,no,NA,NA
wp221r007,no,yes,no,NA,NA
wp221r008,no,no,no,NA,NA
wp221r009,no,no,no,NA,NA
wp221r010,no,no,no,NA,NA
wp222r001,no,no,no,NA,NA
wp222r002,no,no,no,NA,NA
wp222r003,yes,no,no,NA,NA
wp222r004,no,no,no,NA,NA
wp222r005,no,yes,no,NA,NA
wp222r006,no,no,no,NA,NA
wp222r007,no,no,no,NA,NA
wp222r008,no,yes,no,NA,NA
wp222r009,no,no,no,NA,NA
wp222r010,no,no,no,NA,NA
wp222r011,no,no,no,NA,NA
wp223r001,no,no,no,NA,NA
wp223r002,no,no,no,NA,NA
wp223r003,yes,no,no,NA,NA
wp223r004,no,no,no,NA,NA
wp223r005,no,yes,no,NA,NA
wp223r006,no,no,no,NA,NA
wp223r007,no,no,no,NA,NA
wp223r008,no,yes,no,NA,NA
wp223r009,no,no,no,NA,NA
wp223r010,no,no,no,NA,NA
wp223r011,no,no,no,NA,NA
wp224r001,no,no,no,NA,NA
wp224r002,no,no,no,NA,NA
wp224r003,no,no,no,NA,NA
wp224r004,yes,no,no,NA,NA
wp224r005,no,no,no,NA,NA
wp224r006,no,no,no,NA,NA
wp224r007,no,no,no,NA,NA
wp225r001,no,no,no,NA,NA
wp225r002,no,no,no,NA,NA
wp225r003,no,no,no,NA,NA
wp225r004,no,no,no,NA,NA
wp225r005,no,no,no,NA,NA
wp225r006,no,yes,no,NA,NA
wp225r007,no,no,no,NA,NA
wp226r001,no,no,no,NA,NA
wp226r002,no,no,no,NA,NA
wp226r003,no,no,no,NA,NA
wp226r004,no,no,no,NA,NA
wp226r005,no,no,no,NA,NA
wp226r006,no,no,no,NA,NA
wp226r007,no,no,no,NA,NA
wp226r008,no,no,no,NA,NA
wp226r009,no,no,no,NA,NA
wp226r010,no,no,no,NA,NA
wp226r011,no,no,no,NA,NA
wp226r012,no,no,no,NA,NA
wp226r013,no,no,no,NA,NA
wp226r014,no,no,no,NA,NA
wp226r015,no,no,no,NA,NA
wp226r016,no,no,no,NA,NA
wp226r017,no,no,no,NA,NA
wp226r018,no,no,no,NA,NA
wp227r001,no,no,no,NA,NA
wp227r002,no,no,no,NA,NA
wp227r003,no,no,no,NA,NA
wp227r004,no,no,no,NA,NA
wp227r005,no,no,no,NA,NA
wp227r006,no,no,no,NA,NA
wp227r007,no,yes,no,NA,NA
wp227r008,no,no,no,NA,NA
wp227r009,no,no,no,NA,NA
wp227r010,no,no,no,NA,NA
wp227r011,no,no,no,NA,NA
wp227r012,no,no,no,NA,NA
wp227r013,no,no,no,NA,NA
wp227r014,no,no,no,NA,NA
wp227r015,no,no,no,NA,NA
wp227r016,no,no,no,NA,NA
wp227r017,no,no,no,NA,NA
wp227r018,no,no,no,NA,NA
wp228r001,no,no,no,NA,NA
wp228r002,no,no,no,NA,NA
wp228r003,no,no,no,NA,NA
wp228r004,no,no,no,NA,NA
wp228r005,no,no,no,NA,NA
wp228r006,no,no,no,NA,NA
wp228r007,no,no,no,NA,NA
wp228r008,no,no,no,NA,NA
wp229r001,no,no,no,NA,NA
wp229r002,no,no,no,NA,NA
wp229r003,no,no,no,NA,NA
wp229r004,no,no,no,NA,NA
wp229r005,no,yes,yes,IN,CN
wp229r006,no,no,no,NA,NA
wp229r007,no,no,no,NA,NA
wp229r008,no,no,no,NA,NA
wp230r001,yes,no,no,NA,NA
wp230r002,no,no,no,NA,NA
wp230r003,no,no,no,NA,NA
wp230r004,no,no,no,NA,NA
wp230r005,no,no,no,NA,NA
wp230r006,no,no,no,NA,NA
wp230r007,no,no,no,NA,NA
wp231r001,no,no,no,NA,NA
wp231r002,no,no,no,NA,NA
wp231r003,no,no,no,NA,NA
wp231r004,no,no,no,NA,NA
wp231r005,no,no,no,NA,NA
wp231r006,no,no,no,NA,NA
wp231r007,no,no,no,NA,NA
wp232r001,no,no,no,NA,NA
wp232r002,no,no,no,NA,NA
wp232r003,no,no,no,NA,NA
wp232r004,no,no,no,NA,NA
wp232r005,no,no,no,NA,NA
wp232r006,no,no,no,NA,NA
wp232r007,no,no,no,NA,NA
wp233r001,no,no,no,NA,NA
wp233r002,no,no,no,NA,NA
wp233r003,no,no,no,NA,NA
wp233r004,no,no,no,NA,NA
wp233r005,no,no,no,NA,NA
wp233r006,no,no,no,NA,NA
wp233r007,no,no,no,NA,NA
wp233r008,no,no,no,NA,NA
wp233r009,no,no,no,NA,NA
wp233r010,no,no,no,NA,NA
wp233r011,no,no,no,NA,NA
wp234r001,no,no,no,NA,NA
wp234r002,no,no,no,NA,NA
wp234r003,no,no,no,NA,NA
wp234r004,no,no,no,NA,NA
wp234r005,no,no,no,NA,NA
wp234r006,no,no,no,NA,NA
wp234r007,no,no,no,NA,NA
wp234r008,no,no,no,NA,NA
wp234r009,no,no,no,NA,NA
wp234r010,no,no,no,NA,NA
wp234r011,no,no,no,NA,NA
wp235r001,no,no,no,NA,NA
wp235r002,no,no,no,NA,NA
wp235r003,no,no,no,NA,NA
wp235r004,no,no,no,NA,NA
wp235r005,no,no,no,NA,NA
wp235r006,no,no,no,NA,NA
wp235r007,no,no,no,NA,NA
wp235r008,no,no,no,NA,NA
wp235r009,no,no,no,NA,NA
wp236r001,no,no,no,NA,NA
wp236r002,no,no,no,NA,NA
wp236r003,no,no,no,NA,NA
wp236r004,no,no,no,NA,NA
wp236r005,no,yes,no,NA,NA
wp236r006,no,no,no,NA,NA
wp236r007,no,no,no,NA,NA
wp236r008,no,no,no,NA,NA
wp236r009,no,no,no,NA,NA
wp237r001,no,no,no,NA,NA
wp237r002,no,no,no,NA,NA
wp237r003,no,no,no,NA,NA
wp237r004,no,no,no,NA,NA
wp237r005,no,no,no,NA,NA
wp237r006,no,no,no,NA,NA
wp237r007,no,no,no,NA,NA
wp237r008,no,no,no,NA,NA
wp238r001,no,no,no,NA,NA
wp238r002,no,no,no,NA,NA
wp238r003,no,no,no,NA,NA
wp238r004,no,no,no,NA,NA
wp238r005,no,no,no,NA,NA
wp238r006,no,no,no,NA,NA
wp238r007,no,no,no,NA,NA
wp238r008,no,no,no,NA,NA
wp239r001,no,no,no,NA,NA
wp239r002,no,no,no,NA,NA
wp239r003,no,no,no,NA,NA
wp239r004,no,no,no,NA,NA
wp239r005,no,no,no,NA,NA
wp239r006,no,no,no,NA,NA
wp239r007,no,no,no,NA,NA
wp240r001,no,no,no,NA,NA
wp240r002,no,no,no,NA,NA
wp240r003,no,no,no,NA,NA
wp240r004,no,no,no,NA,NA
wp240r005,no,no,no,NA,NA
wp240r006,no,no,no,NA,NA
wp240r007,no,no,no,NA,NA
wp241r001,yes,yes,yes,IN,EN
wp241r002,no,no,no,NA,NA
wp241r003,no,no,no,NA,NA
wp241r004,no,no,no,NA,NA
wp241r005,no,no,no,NA,NA
wp241r006,no,no,no,NA,NA
wp241r007,no,no,no,NA,NA
wp241r008,no,no,no,NA,NA
wp242r001,yes,yes,yes,IN,EN
wp242r002,no,no,no,NA,NA
wp242r003,no,no,no,NA,NA
wp242r004,no,no,no,NA,NA
wp242r005,no,no,no,NA,NA
wp242r006,no,no,no,NA,NA
wp242r007,no,no,no,NA,NA
wp242r008,no,no,no,NA,NA
wp243r001,no,yes,no,NA,NA
wp243r002,no,no,no,NA,NA
wp243r003,no,no,no,NA,NA
wp243r004,no,no,no,NA,NA
wp243r005,no,no,no,NA,NA
wp243r006,no,no,no,NA,NA
wp243r007,no,no,no,NA,NA
wp243r008,no,no,no,NA,NA
wp244r001,no,yes,no,NA,NA
wp244r002,no,no,no,NA,NA
wp244r003,no,no,no,NA,NA
wp244r004,no,no,no,NA,NA
wp244r005,no,no,no,NA,NA
wp244r006,no,no,no,NA,NA
wp244r007,no,no,no,NA,NA
wp244r008,no,no,no,NA,NA
wp245r001,no,no,no,NA,NA
wp245r002,no,no,no,NA,NA
wp245r003,no,no,no,NA,NA
wp245r004,yes,yes,yes,IN,EN
wp245r005,yes,no,no,NA,NA
wp245r006,no,no,no,NA,NA
wp245r007,no,no,no,NA,NA
wp245r008,no,yes,no,NA,NA
wp245r009,no,no,no,NA,NA
wp245r010,no,no,no,NA,NA
wp245r011,yes,yes,yes,IN,EN
wp245r012,no,no,no,NA,NA
wp245r013,no,no,no,NA,NA
wp245r014,no,no,no,NA,NA
wp245r015,no,no,no,NA,NA
wp246r001,no,no,no,NA,NA
wp246r002,no,no,no,NA,NA
wp246r003,no,no,no,NA,NA
wp246r004,yes,yes,yes,IN,EN
wp246r005,yes,no,no,NA,NA
wp246r006,no,no,no,NA,NA
wp246r007,no,no,no,NA,NA
wp246r008,no,yes,no,NA,NA
wp246r009,no,no,no,NA,NA
wp246r010,no,no,no,NA,NA
wp246r011,yes,yes,yes,IN,EN
wp246r012,no,no,no,NA,NA
wp246r013,no,no,no,NA,NA
wp246r014,no,no,no,NA,NA
wp246r015,no,no,no,NA,NA
wp247r001,no,no,no,NA,NA
wp247r002,no,yes,no,NA,NA
wp247r003,no,no,no,NA,NA
wp247r004,no,no,no,NA,NA
wp247r005,no,no,no,NA,NA
wp247r006,no,no,no,NA,NA
wp247r007,no,no,no,NA,NA
wp247r008,no,no,no,NA,NA
wp247r009,no,yes,no,NA,NA
wp247r010,no,no,no,NA,NA
wp247r011,no,no,no,NA,NA
wp247r012,no,no,no,NA,NA
wp247r013,no,no,no,NA,NA
wp247r014,no,no,no,NA,NA
wp247r015,no,no,no,NA,NA
wp247r016,no,no,no,NA,NA
wp247r017,no,no,no,NA,NA
wp247r018,no,no,no,NA,NA
wp247r019,no,no,no,NA,NA
wp247r020,no,no,no,NA,NA
wp248r001,no,no,no,NA,NA
wp248r002,no,yes,no,NA,NA
wp248r003,no,no,no,NA,NA
wp248r004,no,no,no,NA,NA
wp248r005,no,no,no,NA,NA
wp248r006,no,no,no,NA,NA
wp248r007,no,no,no,NA,NA
wp248r008,no,no,no,NA,NA
wp248r009,no,yes,no,NA,NA
wp248r010,no,no,no,NA,NA
wp248r011,no,no,no,NA,NA
wp248r012,no,no,no,NA,NA
wp248r013,no,no,no,NA,NA
wp248r014,no,no,no,NA,NA
wp248r015,no,no,no,NA,NA
wp248r016,no,no,no,NA,NA
wp248r017,no,no,no,NA,NA
wp248r018,no,no,no,NA,NA
wp248r019,no,no,no,NA,NA
wp248r020,no,no,no,NA,NA
wp249r001,no,yes,no,NA,NA
wp249r002,no,no,no,NA,NA
wp249r003,no,yes,no,NA,NA
wp249r004,no,no,no,NA,NA
wp249r005,no,no,no,NA,NA
wp249r006,no,no,no,NA,NA
wp249r007,no,no,no,NA,NA
wp249r008,no,no,no,NA,NA
wp249r009,no,no,no,NA,NA
wp250r001,no,yes,no,NA,NA
wp250r002,no,no,no,NA,NA
wp250r003,no,yes,no,NA,NA
wp250r004,no,no,no,NA,NA
wp250r005,no,no,no,NA,NA
